utf8mb4_unicode_ci19, 2024 at 01:07 AM
-- Server version: 8.0.30
-- PHP Version: 8.1.10

SET SQL_MODE = "NO_AUTO_VALUE_ON_ZERO";
START TRANSACTION;
SET time_zone = "+00:00";


/*!40101 SET @OLD_CHARACTER_SET_CLIENT=@@CHARACTER_SET_CLIENT */;
/*!40101 SET @OLD_CHARACTER_SET_RESULTS=@@CHARACTER_SET_RESULTS */;
/*!40101 SET @OLD_COLLATION_CONNECTION=@@COLLATION_CONNECTION */;
/*!40101 SET NAMES utf8mb4 */;

--
-- Database: `peso`
--

-- --------------------------------------------------------

--
-- Table structure for table `admin_profile`
--

CREATE TABLE `admin_profile` (
  `id` int NOT NULL,
  `username` varchar(255) COLLATE utf8mb4_unicode_ci NOT NULL,
  `password` varchar(255) COLLATE utf8mb4_unicode_ci NOT NULL,
  `email` varchar(255) COLLATE utf8mb4_unicode_ci NOT NULL,
  `admin_level` varchar(100) COLLATE utf8mb4_unicode_ci DEFAULT NULL,
  `full_name` varchar(255) COLLATE utf8mb4_unicode_ci DEFAULT NULL,
  `phone` varchar(255) COLLATE utf8mb4_unicode_ci DEFAULT NULL,
  `profile_picture` varchar(255) COLLATE utf8mb4_unicode_ci DEFAULT NULL
) ENGINE=InnoDB DEFAULT CHARSET=utf8mb4 COLLATE=utf8mb4_unicode_ci;

--
-- Dumping data for table `admin_profile`
--

INSERT INTO `admin_profile` (`id`, `username`, `password`, `email`, `admin_level`, `full_name`, `phone`, `profile_picture`) VALUES
(1, 'Admin', '$2y$10$szZWza9fsLiGXs4evidE7.uc3zwFoQjs/hfwGvw2Vd6lddYLzBuTW', 'mercadomarklawrence55@gmail.com', 'super_admin', 'Mark Azre', '09762848025', 'uploads/woman-portrait.png'),
(11, 'Azure', '$2y$10$YuRbmR/kQCpQboBgFIElG.RcD9HI.1fcK15MQIngeRH1arwEyofJq', 'hygoteba@mailinator.com', 'admin', 'Kylan Mcmahon', '7551', 'uploads/barack-obama.png');

-- --------------------------------------------------------

--
-- Table structure for table `applicant_profile`
--

CREATE TABLE `applicant_profile` (
  `id` int NOT NULL,
  `user_id` int NOT NULL,
  `email` varchar(255) COLLATE utf8mb4_general_ci NOT NULL,
  `first_name` varchar(100) COLLATE utf8mb4_general_ci DEFAULT NULL,
  `last_name` varchar(100) COLLATE utf8mb4_general_ci DEFAULT NULL,
  `middle_name` varchar(100) COLLATE utf8mb4_general_ci DEFAULT NULL,
  `dob` date DEFAULT NULL,
  `pob` varchar(255) CHARACTER SET utf8mb4 COLLATE utf8mb4_general_ci DEFAULT NULL,
  `age` int DEFAULT NULL,
  `height` varchar(255) COLLATE utf8mb4_general_ci DEFAULT NULL,
  `sex` enum('male','female') COLLATE utf8mb4_general_ci DEFAULT NULL,
  `civil_status` varchar(255) CHARACTER SET utf8mb4 COLLATE utf8mb4_general_ci DEFAULT NULL,
  `contact_no` varchar(255) COLLATE utf8mb4_general_ci DEFAULT NULL,
  `landline` varchar(100) COLLATE utf8mb4_general_ci DEFAULT NULL,
  `photo` varchar(255) COLLATE utf8mb4_general_ci DEFAULT 'user.png',
  `house_address` varchar(255) COLLATE utf8mb4_general_ci DEFAULT NULL,
  `tin` varchar(255) COLLATE utf8mb4_general_ci DEFAULT NULL,
  `sss_no` varchar(20) COLLATE utf8mb4_general_ci DEFAULT NULL,
  `pagibig_no` varchar(20) COLLATE utf8mb4_general_ci DEFAULT NULL,
  `philhealth_no` varchar(20) COLLATE utf8mb4_general_ci DEFAULT NULL,
  `passport_no` varchar(20) COLLATE utf8mb4_general_ci DEFAULT NULL,
  `immigration_status` enum('Documented','Undocumented','Returning','Repatriated') COLLATE utf8mb4_general_ci DEFAULT NULL,
  `spouse_name` varchar(100) COLLATE utf8mb4_general_ci DEFAULT NULL,
  `spouse_contact` varchar(15) COLLATE utf8mb4_general_ci DEFAULT NULL,
  `fathers_name` varchar(100) COLLATE utf8mb4_general_ci DEFAULT NULL,
  `fathers_address` varchar(255) COLLATE utf8mb4_general_ci DEFAULT NULL,
  `mothers_name` varchar(100) COLLATE utf8mb4_general_ci DEFAULT NULL,
  `mothers_address` varchar(255) COLLATE utf8mb4_general_ci DEFAULT NULL,
  `emergency_contact_name` varchar(100) COLLATE utf8mb4_general_ci DEFAULT NULL,
  `next_of_kin_relationship` varchar(50) COLLATE utf8mb4_general_ci DEFAULT NULL,
  `next_of_kin_contact` varchar(15) COLLATE utf8mb4_general_ci DEFAULT NULL,
  `education_level` enum('Elementary Undergraduate','Elementary Graduate','High School Undergraduate','High School Graduate','College Undergraduate','College Graduate','Vocational') COLLATE utf8mb4_general_ci DEFAULT NULL,
  `school_name1` varchar(255) COLLATE utf8mb4_general_ci DEFAULT NULL,
  `year_grad1` date DEFAULT NULL,
  `award1` varchar(255) COLLATE utf8mb4_general_ci DEFAULT NULL,
  `school_name2` varchar(255) COLLATE utf8mb4_general_ci DEFAULT NULL,
  `year_grad2` date DEFAULT NULL,
  `award2` varchar(255) COLLATE utf8mb4_general_ci DEFAULT NULL,
  `school_name3` varchar(255) COLLATE utf8mb4_general_ci DEFAULT NULL,
  `course3` varchar(255) COLLATE utf8mb4_general_ci DEFAULT NULL,
  `year_grad3` date DEFAULT NULL,
  `award3` varchar(255) COLLATE utf8mb4_general_ci DEFAULT NULL,
  `level3` varchar(255) COLLATE utf8mb4_general_ci DEFAULT NULL,
  `year_level3` date DEFAULT NULL,
  `school_name4` varchar(255) COLLATE utf8mb4_general_ci DEFAULT NULL,
  `course4` varchar(255) COLLATE utf8mb4_general_ci DEFAULT NULL,
  `year_grad4` date DEFAULT NULL,
  `award4` varchar(255) COLLATE utf8mb4_general_ci DEFAULT NULL,
  `level4` varchar(255) COLLATE utf8mb4_general_ci DEFAULT NULL,
  `year_level4` date DEFAULT NULL,
  `preferred_occupation` varchar(255) COLLATE utf8mb4_general_ci DEFAULT NULL,
  `pwl` varchar(100) COLLATE utf8mb4_general_ci DEFAULT NULL,
  `overseas_loc` varchar(255) COLLATE utf8mb4_general_ci DEFAULT NULL,
  `local_loc` varchar(255) COLLATE utf8mb4_general_ci DEFAULT NULL,
  `occupation` enum('Administrative Work','Medical Work','Factory/Manufacturing','Farmers (Agriculture)','Teaching','Information Technology','Engineering','Restaurant Jobs (F&B)','Seaman (Sea-Based)','Household Service Worker (Domestic Helper)','Construction Work','Entertainment','Tourism Sector','Hospitality Sector','Others') COLLATE utf8mb4_general_ci DEFAULT NULL,
  `pwd` varchar(255) COLLATE utf8mb4_general_ci DEFAULT NULL,
  `pwd2` varchar(255) CHARACTER SET utf8mb4 COLLATE utf8mb4_general_ci DEFAULT NULL,
  `prefix` enum('Sr.','Jr.','II','III','IV','V','VI','VII') COLLATE utf8mb4_general_ci DEFAULT NULL,
  `four_ps` varchar(100) COLLATE utf8mb4_general_ci DEFAULT NULL,
  `hhid` varchar(100) COLLATE utf8mb4_general_ci DEFAULT NULL,
  `selected_options` varchar(255) COLLATE utf8mb4_general_ci DEFAULT NULL,
  `emergency_contact_num` int DEFAULT NULL,
  `income` int DEFAULT NULL,
  `country` varchar(100) COLLATE utf8mb4_general_ci DEFAULT NULL,
  `religion` varchar(255) COLLATE utf8mb4_general_ci DEFAULT NULL,
  `employment_type` varchar(100) COLLATE utf8mb4_general_ci DEFAULT NULL,
  `employment_form` enum('Recruitment Agency','Government Hire','Name Hire','Referral') COLLATE utf8mb4_general_ci DEFAULT NULL,
  `employer_name` varchar(100) COLLATE utf8mb4_general_ci DEFAULT NULL,
  `contact_number` int DEFAULT NULL,
  `employer_address` varchar(100) COLLATE utf8mb4_general_ci DEFAULT NULL,
  `local_agency_name` varchar(100) COLLATE utf8mb4_general_ci DEFAULT NULL,
  `local_agency_address` varchar(100) COLLATE utf8mb4_general_ci DEFAULT NULL,
  `arrival_date` date DEFAULT NULL,
  `dept_date` date DEFAULT NULL,
  `employment_status` varchar(100) COLLATE utf8mb4_general_ci DEFAULT NULL,
  `es_status` varchar(100) COLLATE utf8mb4_general_ci DEFAULT NULL,
  `es_others` varchar(100) COLLATE utf8mb4_general_ci DEFAULT NULL,
  `actively_looking` varchar(100) COLLATE utf8mb4_general_ci DEFAULT NULL,
  `al_details` varchar(255) COLLATE utf8mb4_general_ci DEFAULT NULL,
  `willing_to_work` varchar(255) COLLATE utf8mb4_general_ci DEFAULT NULL,
  `ww_details` varchar(255) COLLATE utf8mb4_general_ci DEFAULT NULL,
  `passport_expiry` date DEFAULT NULL,
  `expected_salary` int DEFAULT NULL,
  `resume` varchar(255) COLLATE utf8mb4_general_ci DEFAULT NULL
) ENGINE=InnoDB DEFAULT CHARSET=utf8mb4 COLLATE=utf8mb4_general_ci;

--
-- Dumping data for table `applicant_profile`
--

INSERT INTO `applicant_profile` (`id`, `user_id`, `email`, `first_name`, `last_name`, `middle_name`, `dob`, `pob`, `age`, `height`, `sex`, `civil_status`, `contact_no`, `landline`, `photo`, `house_address`, `tin`, `sss_no`, `pagibig_no`, `philhealth_no`, `passport_no`, `immigration_status`, `spouse_name`, `spouse_contact`, `fathers_name`, `fathers_address`, `mothers_name`, `mothers_address`, `emergency_contact_name`, `next_of_kin_relationship`, `next_of_kin_contact`, `education_level`, `school_name1`, `year_grad1`, `award1`, `school_name2`, `year_grad2`, `award2`, `school_name3`, `course3`, `year_grad3`, `award3`, `level3`, `year_level3`, `school_name4`, `course4`, `year_grad4`, `award4`, `level4`, `year_level4`, `preferred_occupation`, `pwl`, `overseas_loc`, `local_loc`, `occupation`, `pwd`, `pwd2`, `prefix`, `four_ps`, `hhid`, `selected_options`, `emergency_contact_num`, `income`, `country`, `religion`, `employment_type`, `employment_form`, `employer_name`, `contact_number`, `employer_address`, `local_agency_name`, `local_agency_address`, `arrival_date`, `dept_date`, `employment_status`, `es_status`, `es_others`, `actively_looking`, `al_details`, `willing_to_work`, `ww_details`, `passport_expiry`, `expected_salary`, `resume`) VALUES
(26, 43, 'mercadomarklawrence55@gmail.com', 'Todd', 'Mcclure', 'Brock Shields', '2019-08-10', 'Dicta assumenda prov', 10, '12', 'male', 'Married', '+1 (969) 381-4238', '+1 (202) 414-8913', 'woman.png', 'Voluptates voluptas ', 'Eveniet ipsum proid', 'Ex cupidatat in reru', 'Aut sint rerum labor', '4322', '190', 'Repatriated', 'Kelly Saunders', '36', 'Brent Norris', 'Eaque velit ut quisq', 'Nissim Yang', 'Et molestias asperna', 'Holly Mcgowan', 'Minima incididunt au', '80', 'Elementary Graduate', 'Dannie Kozey', '2024-10-24', 'Dolores', 'Easton Skiles', '2024-10-30', 'Error labore eveniet repudiandae vero nam harum enim animi.', 'Elias Torp', 'Dignissimos suscipit dolore eaque nisi libero.', '2024-09-30', 'Doloremque necessitatibus cumque distinctio voluptatum.', '', '2024-10-26', 'Keagan DuBuque', 'Ipsum sapiente impedit sapiente vel iure laboriosam optio minus.', '2024-11-08', 'Itaque corrupti velit quisquam.', '423', '2024-11-08', 'District Security Coordinator,Forward Division Agent,Chief Identity Developer,Senior Markets Assistant', 'local', '', 'c2,c1,c3', 'Restaurant Jobs (F&B)', 'Others', 'one leg', 'VII', 'Yes', '12432', 'Electrician,Embroidery,Driver,Domestic Chores,Tailoring,Stenography', 63, 768, 'Aliquam id placeat ', 'Incididunt ratione i', 'Sea-Based', 'Referral', 'Gould and Harper Trading', 365, 'Bryan and Hunt Associates', 'Sheila Sullivan', 'Consequatur consect', '1984-08-11', '2012-02-15', 'employed', '', '', 'Yes', 'truy1', 'No', 'after 3 months', '2024-11-09', 12432, 'Performance-Task-2-Part-1_ITEP-413.pdf'),
(27, 44, 'raqitym@mailinator.com', 'Dillon', 'Henderson', 'Quon Mcdaniel', '1992-08-29', '', 87, NULL, 'male', 'Widowed', '5889', NULL, '6707dba238f33.png', 'Sunt et quo volupta', NULL, '0', '0', '0', '16', 'Documented', 'Jamal Carr', '62', 'Riley Atkinson', 'Et odit deserunt min', 'Reuben Shields', 'Eu et culpa aut labo', 'Lawrence Campos', 'Ea eos dolorem cons', '3', 'Elementary Graduate', '0', NULL, '0', '0', NULL, '0', '0', NULL, NULL, '0', NULL, NULL, '0', NULL, NULL, '0', '0', NULL, NULL, NULL, NULL, NULL, 'Others', NULL, '', 'V', NULL, NULL, NULL, 69, 124, 'Odit non qui delenit', NULL, 'Sea-Based', 'Name Hire', 'Cotton Strickland Trading', 499, 'Mejia and Johns Trading', 'Halla Mckay', 'Dolorum asperiores i', '2009-08-10', '2010-11-11', NULL, NULL, NULL, NULL, NULL, NULL, NULL, NULL, NULL, NULL),
(28, 45, 'your.email+fakedata40179@gmail.com', 'Carmine', 'Halvorson', 'Maxwell Kshlerin', '2024-08-18', '9017 Ressie Crescent', 69, '35', 'female', 'Widowed', '461-316-4958', '369-441-3564', '456338803_483159741228069_3311839368960614240_n.jpg', '78105 Darby Plaza', 'Blanditiis nam explicabo voluptatum sed ipsam cumque.', '556', '580', '342423', '9', 'Undocumented', 'Lysandra Wilkerson', '2', 'Judah Levy', 'Ab veritatis cum nul', 'Morgan Oconnor', 'Officiis ea sunt aut', 'Imani Russell', 'Nostrud id repudiand', '600', 'Elementary Undergraduate', '0', NULL, '0', '0', NULL, '0', '0', NULL, NULL, '0', NULL, NULL, '0', NULL, NULL, '0', '0', NULL, NULL, NULL, NULL, NULL, 'Others', 'Hearing', '', 'V', 'Yes', NULL, 'Tailoring,Sewing,Painter/Artist,Masonry,new1,new2', 60, 432, 'Adipisci reiciendis ', 'Fuga reprehenderit architecto occaecati vel accusantium pariatur.', 'Land-Based', 'Referral', 'Jackson Battle Traders', 435, 'Hampton and Marks Associates', 'Shannon Irwin', 'Doloribus aut conseq', '2017-05-02', '1974-05-19', 'employed', NULL, NULL, 'Yes', NULL, 'No', NULL, '2025-01-18', 12432, ''),
(29, 46, 'your.email+fakedata92204@gmail.com', 'Coty', 'Ebert', 'Rahsaan Greenholt', '2024-01-05', '300 Dietrich Valleys', 16, '123', 'female', 'Single', '829-082-9515', '5056', '457146626_1974469039642222_919670330705078606_n.jpg', '7419 Keaton Forks', 'Praesentium est accusamus ratione sunt.', '529', '44', '123', '492', 'Returning', 'Sophia Holcomb', '42', 'Keiko Buck', 'Quia sunt non esse a', 'Cheryl Mccarty', 'Quaerat fugiat enim ', 'William Castillo', 'Consequatur tenetur', '411', 'College Graduate', '0', NULL, '0', '0', NULL, '0', '0', NULL, NULL, '0', NULL, NULL, '0', NULL, NULL, '0', '0', NULL, NULL, NULL, NULL, NULL, 'Information Technology', 'Hearing', '', 'Jr.', 'No', NULL, 'Beautician,Auto Mechanic,Carpentry Work', 95, 336, 'Et obcaecati soluta ', 'Nisi perferendis illum voluptatem incidunt illo velit nam consequatur.', 'Sea-Based', 'Government Hire', 'Garrison Deleon Plc', 291, 'Mcdaniel and Jacobson Trading', 'Blair Stokes', 'Ratione sed sit aut ', '2003-03-31', '2000-05-04', 'employed', NULL, NULL, 'No', NULL, 'No', NULL, '2025-07-17', 2233321, ''),
(30, 47, 'your.email+fakedata39399@gmail.com', 'Maxie', 'Bergnaum', 'Raphaelle Ledner', '2024-07-31', '929 Lang Skyway', NULL, '123', 'female', 'Separated', '024-785-5345', '440-616-6935', 'favicon.ico', '712 Tremblay View', 'Ullam deleniti qui.', '386', '285', '123', '521', NULL, NULL, NULL, NULL, NULL, NULL, NULL, NULL, NULL, NULL, NULL, 'Jay Hahn', '2025-01-13', 'Commodi nemo enim necessitatibus harum aliquid dicta fugit.', 'Geoffrey Hauck', '2025-03-24', 'Inventore rerum repellendus blanditiis vero porro voluptatibus.', 'Arnold Gorczany', 'Bolivia', '2024-04-26', 'Harum labore quas eveniet culpa.', '', NULL, 'Lucio Gleason', 'Denmark', '2025-10-03', 'Quia quaerat enim similique ratione laudantium est hic nihil.', '', NULL, 'Product Solutions Agent,Future Intranet Strategist,Direct Interactions Liaison,Corporate Data Supervisor', '', 'Niger,Svalbard & Jan Mayen Islands,Cayman Islands', 'Oklahoma City,Ellicott City,Bothell', NULL, 'None', 'Z4WAKJWVZSBVik5', 'V', 'No', 'Harum veritatis voluptate numquam fugiat facere.', 'Sewing,Stenography,Tailoring,Photography', NULL, NULL, NULL, 'Tempore animi accusantium deleniti distinctio saepe maxime quod quaerat molestiae.', NULL, NULL, NULL, NULL, NULL, NULL, NULL, NULL, NULL, '', '', '', '', 'Voluptates incidunt nesciunt quisquam.', '', '', '2024-01-29', 123, '');

-- --------------------------------------------------------

--
-- Table structure for table `applications`
--

CREATE TABLE `applications` (
  `id` int NOT NULL,
  `applicant_id` int DEFAULT NULL,
  `job_posting_id` int DEFAULT NULL,
  `application_date` date DEFAULT NULL,
  `status` varchar(50) COLLATE utf8mb4_unicode_ci DEFAULT 'pending',
  `job` varchar(255) COLLATE utf8mb4_unicode_ci DEFAULT NULL
) ENGINE=InnoDB DEFAULT CHARSET=utf8mb4 COLLATE=utf8mb4_unicode_ci;

--
-- Dumping data for table `applications`
--

INSERT INTO `applications` (`id`, `applicant_id`, `job_posting_id`, `application_date`, `status`, `job`) VALUES
(106, 45, 23, '2024-10-14', 'accepted', 'Customer Branding Associate'),
(107, 45, 24, '2024-10-14', 'accepted', 'Principal Accountability Strategist'),
(108, 45, 25, '2024-10-14', 'accepted', 'Internal Tactics Specialist'),
(109, 45, 25, '2024-10-14', 'accepted', 'Internal Tactics Specialist'),
(110, 45, 29, '2024-10-14', 'accepted', 'District Directives Specialist'),
(111, 45, 30, '2024-10-14', 'accepted', 'International Tactics Supervisor'),
(112, 45, 17, '2024-10-14', 'accepted', 'Principal Creative Specialist'),
(113, 45, 28, '2024-10-14', 'accepted', 'Human Mobility Assistant'),
(114, 43, 23, '2024-10-14', 'interview', 'Customer Branding Analyst'),
(115, 43, 24, '2024-10-14', 'interview', 'Product Response Agent'),
(116, 43, 25, '2024-10-14', 'interview', 'Internal Tactics Specialist'),
(117, 43, 29, '2024-10-14', 'interview', 'District Directives Specialist'),
(118, 43, 30, '2024-10-14', 'pending', 'International Tactics Supervisor'),
(119, 46, 17, '2024-10-15', 'accepted', 'Principal Creative Specialist'),
(120, 46, 35, '2024-10-15', 'accepted', 'Principal Tactics Facilitator'),
(121, 46, 23, '2024-10-15', 'pending', 'Customer Branding Analyst'),
(122, 43, 17, '2024-10-16', 'interview', 'Principal Creative Specialist');

-- --------------------------------------------------------

--
-- Table structure for table `cases`
--

CREATE TABLE `cases` (
  `id` int NOT NULL,
  `user_id` int DEFAULT NULL,
  `title` varchar(255) COLLATE utf8mb4_unicode_ci NOT NULL,
  `description` text COLLATE utf8mb4_unicode_ci NOT NULL,
  `file` varchar(255) COLLATE utf8mb4_unicode_ci DEFAULT NULL,
  `status` enum('filed','in_progress','resolved') COLLATE utf8mb4_unicode_ci DEFAULT 'filed',
  `created_at` timestamp NULL DEFAULT CURRENT_TIMESTAMP
) ENGINE=InnoDB DEFAULT CHARSET=utf8mb4 COLLATE=utf8mb4_unicode_ci;

--
-- Dumping data for table `cases`
--

INSERT INTO `cases` (`id`, `user_id`, `title`, `description`, `file`, `status`, `created_at`) VALUES
(12, 45, 'Abusive employer', 'harassment, physical abuse', '../uploads/462463385_1483381795713486_9058732459192274728_n.png', 'resolved', '2024-10-11 00:14:44'),
(13, 44, 'Underpaid', 'Salary decrease and unpaid work', 'uploads/PESO.pdf', 'resolved', '2024-10-11 00:18:25'),
(14, 43, 'LAw', 'fgsadfawee', 'uploads/PESO.pdf', 'resolved', '2024-10-12 12:12:46'),
(15, 43, 'LAwnew', 'fgsadfawee', 'uploads/e-Phil-ID.pdf', 'resolved', '2024-10-12 13:19:48'),
(16, 43, 'Direct Marketing Specialist', 'Amet aspernatur minus atque facilis quod nemo nulla.', NULL, 'resolved', '2024-10-18 22:44:55'),
(17, 43, 'Direct Applications Coordinator', 'Doloribus eaque sequi quis earum ratione.', NULL, 'resolved', '2024-10-18 22:50:10'),
(18, 43, 'Customer Program Assistant', 'Debitis eveniet aliquid ratione.', NULL, 'in_progress', '2024-10-18 22:59:47'),
(19, 43, 'Chief Division Associate', 'Eum enim eius assumenda asperiores saepe laborum delectus.', NULL, 'in_progress', '2024-10-18 23:06:10');

-- --------------------------------------------------------

--
-- Table structure for table `chat_messages`
--

CREATE TABLE `chat_messages` (
  `id` int NOT NULL,
  `user_id` int NOT NULL,
  `sender` varchar(100) NOT NULL,
  `message` varchar(255) CHARACTER SET utf8mb4 COLLATE utf8mb4_0900_ai_ci NOT NULL,
  `timestamp` timestamp NOT NULL DEFAULT CURRENT_TIMESTAMP
) ENGINE=InnoDB DEFAULT CHARSET=utf8mb4 COLLATE=utf8mb4_0900_ai_ci;

--
-- Dumping data for table `chat_messages`
--

INSERT INTO `chat_messages` (`id`, `user_id`, `sender`, `message`, `timestamp`) VALUES
(7, 43, 'user', 'Hi', '2024-10-12 07:19:48'),
(8, 43, 'user', 'hello', '2024-10-18 09:47:49'),
(9, 43, 'admin', 'reply', '2024-10-18 10:27:39'),
(10, 43, 'admin', 'hsadasd', '2024-10-18 10:28:23');

-- --------------------------------------------------------

--
-- Table structure for table `contact_us`
--

CREATE TABLE `contact_us` (
  `id` int NOT NULL,
  `email` varchar(100) COLLATE utf8mb4_general_ci DEFAULT NULL,
  `name` varchar(100) COLLATE utf8mb4_general_ci DEFAULT NULL,
  `subject` varchar(255) COLLATE utf8mb4_general_ci DEFAULT NULL,
  `messages` varchar(255) COLLATE utf8mb4_general_ci DEFAULT NULL
) ENGINE=InnoDB DEFAULT CHARSET=utf8mb4 COLLATE=utf8mb4_general_ci;

-- --------------------------------------------------------

--
-- Table structure for table `courses`
--

CREATE TABLE `courses` (
  `id` int NOT NULL,
  `course_name` varchar(255) COLLATE utf8mb4_unicode_ci NOT NULL,
  `description` text COLLATE utf8mb4_unicode_ci,
  `module_count` int NOT NULL
) ENGINE=InnoDB DEFAULT CHARSET=utf8mb4 COLLATE=utf8mb4_unicode_ci;

--
-- Dumping data for table `courses`
--

INSERT INTO `courses` (`id`, `course_name`, `description`, `module_count`) VALUES
(1, 'Dressmaking', 'sewing', 3),
(5, 'Digital Marketing Essentials', 'Master the fundamentals of digital marketing, including SEO, social media strategies, content creation, and paid advertising.', 3),
(6, 'Auto motive', 'Car and Motor workshop', 2),
(19, 'Wood works', 'Sculpting, chair, cabinet making', 4);

-- --------------------------------------------------------

--
-- Table structure for table `employer_documents`
--

CREATE TABLE `employer_documents` (
  `id` int NOT NULL,
  `user_id` int NOT NULL,
  `document_name` varchar(100) COLLATE utf8mb4_unicode_ci DEFAULT NULL,
  `document_path` varchar(255) COLLATE utf8mb4_unicode_ci DEFAULT NULL,
  `is_verified` varchar(100) COLLATE utf8mb4_unicode_ci DEFAULT NULL,
  `comment` varchar(255) COLLATE utf8mb4_unicode_ci DEFAULT NULL
) ENGINE=InnoDB DEFAULT CHARSET=utf8mb4 COLLATE=utf8mb4_unicode_ci;

--
-- Dumping data for table `employer_documents`
--

INSERT INTO `employer_documents` (`id`, `user_id`, `document_name`, `document_path`, `is_verified`, `comment`) VALUES
(12, 9, 'SEC Certificate', 'uploads/pesodigitalmarketin.pdf', 'rejected', 'incorrect file'),
(13, 9, 'D.O. 174 Series of 2017 (Contractor/ Sub - Contractor) Certicate', 'uploads/pesodigitalmarketin.pdf', 'verified', 'Document reuploaded'),
(14, 9, 'Private  Employment Agency (PEA) License', 'uploads/LSPU-LB CCS - Participant Certificates.pdf', 'verified', NULL);

-- --------------------------------------------------------

--
-- Table structure for table `employer_profile`
--

CREATE TABLE `employer_profile` (
  `id` int NOT NULL,
  `user_id` int NOT NULL,
  `company_name` varchar(100) COLLATE utf8mb4_unicode_ci DEFAULT NULL,
  `company_address` varchar(255) COLLATE utf8mb4_unicode_ci DEFAULT NULL,
  `tel_num` varchar(255) COLLATE utf8mb4_unicode_ci DEFAULT NULL,
  `president` varchar(255) COLLATE utf8mb4_unicode_ci DEFAULT NULL,
  `HR` varchar(255) COLLATE utf8mb4_unicode_ci DEFAULT NULL,
  `company_mail` varchar(255) COLLATE utf8mb4_unicode_ci DEFAULT NULL,
  `HR_mail` varchar(255) COLLATE utf8mb4_unicode_ci DEFAULT NULL,
  `photo` varchar(255) COLLATE utf8mb4_unicode_ci DEFAULT NULL
) ENGINE=InnoDB DEFAULT CHARSET=utf8mb4 COLLATE=utf8mb4_unicode_ci;

--
-- Dumping data for table `employer_profile`
--

INSERT INTO `employer_profile` (`id`, `user_id`, `company_name`, `company_address`, `tel_num`, `president`, `HR`, `company_mail`, `HR_mail`, `photo`) VALUES
(9, 9, 'Wehner inc', '47505 Rosenbaum Rapids', '75', 'Grady Doyle', 'Voluptatum sunt eligendi repellat nihil officiis deleniti quos.', 'Harber, Brown and Strosin', 'your.email+fakedata60367@gmail.com', '67075944b1138.png'),
(10, 10, 'Lehner Group', '72695 Stoltenberg Parkway', '49', 'Breitenberg Schmitt', 'John Schmitt', 'Senger, Runolfsson and Gerlach', 'your.email+fakedata52491@gmail.com', '6708ea2fc3a24.png'),
(11, 11, 'Herzog Inc', '25813 Ward Well', '62', 'Lemke O Connell', 'Carol Yundt', 'Hilpert, Lakin and Doyle', 'your.email+fakedata66606@gmail.com', '670760a7022ed.png');

-- --------------------------------------------------------

--
-- Table structure for table `empyers`
--

CREATE TABLE `empyers` (
  `id` int NOT NULL,
  `username` varchar(255) COLLATE utf8mb4_unicode_ci DEFAULT NULL,
  `password` varchar(255) COLLATE utf8mb4_unicode_ci DEFAULT NULL,
  `email` varchar(255) COLLATE utf8mb4_unicode_ci DEFAULT NULL,
  `Fname` varchar(255) COLLATE utf8mb4_unicode_ci DEFAULT NULL,
  `Lname` varchar(255) COLLATE utf8mb4_unicode_ci DEFAULT NULL,
  `Bdate` varchar(255) COLLATE utf8mb4_unicode_ci DEFAULT NULL,
  `contact` int DEFAULT NULL,
  `is_verified` tinyint DEFAULT NULL,
  `otp` varchar(255) COLLATE utf8mb4_unicode_ci DEFAULT NULL,
  `otp_expiry` datetime DEFAULT NULL,
  `reset_token` varchar(255) COLLATE utf8mb4_unicode_ci DEFAULT NULL,
  `reset_token_expiry` datetime DEFAULT NULL
) ENGINE=InnoDB DEFAULT CHARSET=utf8mb4 COLLATE=utf8mb4_unicode_ci;

--
-- Dumping data for table `empyers`
--

INSERT INTO `empyers` (`id`, `username`, `password`, `email`, `Fname`, `Lname`, `Bdate`, `contact`, `is_verified`, `otp`, `otp_expiry`, `reset_token`, `reset_token_expiry`) VALUES
(9, 'Mark55', '$2y$10$Pne11S1JqPKgRbXvf88I2OA8wF9hEH8PMenlS26deUJ0GMdu70nlq', 'mercadomarklawrence55@gmail.com', 'Brady Parker', 'Gloria Acevedo', '1976-09-19', 9136, 1, '836619', '2024-10-10 12:32:12', NULL, NULL),
(10, 'Ict1', '$2y$10$so3p8.RcQnOqPiCAva0X1uGvZ2X7X2wV3aziLsQ2eIT8siaXlZWQC', 'ict1mercado.cdlb@gmail.com', NULL, NULL, NULL, NULL, 1, '606376', '2024-10-10 12:41:57', NULL, NULL),
(11, 'Batbat', '$2y$10$QTbi7Iy1aVIVgfFapjB/weUo9TzbOwLaJkN2qP.eFXz4OuBLFBcFG', 'marklawrencemercado8@gmail.com', NULL, NULL, NULL, NULL, 1, '878316', '2024-10-10 12:49:18', NULL, NULL);

-- --------------------------------------------------------

--
-- Table structure for table `interview`
--

CREATE TABLE `interview` (
  `id` int NOT NULL,
  `user_id` int DEFAULT NULL,
  `Job_id` int DEFAULT NULL,
  `sched_date` date DEFAULT NULL,
  `sched_time` time DEFAULT NULL,
  `interview` varchar(200) COLLATE utf8mb4_general_ci DEFAULT NULL,
  `meeting` varchar(200) COLLATE utf8mb4_general_ci DEFAULT NULL,
  `is_read` tinyint NOT NULL DEFAULT '0'
) ENGINE=InnoDB DEFAULT CHARSET=utf8mb4 COLLATE=utf8mb4_general_ci;

--
-- Dumping data for table `interview`
--

INSERT INTO `interview` (`id`, `user_id`, `Job_id`, `sched_date`, `sched_time`, `interview`, `meeting`, `is_read`) VALUES
(22, 43, 23, '2024-10-24', '15:00:00', 'online', '', 0),
(23, 43, 24, '2024-10-25', '19:19:00', 'FacetoFace', 'Voluptatem Doloremq', 0),
(24, 43, 29, '2024-10-31', '19:30:00', 'online', '', 0),
(25, 43, 25, '2024-11-10', '09:30:00', 'online', 'https://www.youtube.com/watch?v=WvoAL44J42g', 0),
(26, 43, 17, '2024-10-25', '12:15:00', 'FacetoFace', '302 Sanford Mountains', 0);

-- --------------------------------------------------------

--
-- Table structure for table `job_postings`
--

CREATE TABLE `job_postings` (
  `j_id` int NOT NULL,
  `employer_id` int DEFAULT NULL,
  `admin_id` int DEFAULT NULL,
  `job_title` varchar(100) COLLATE utf8mb4_unicode_ci NOT NULL,
  `company_name` varchar(255) COLLATE utf8mb4_unicode_ci DEFAULT NULL,
  `job_type` varchar(255) COLLATE utf8mb4_unicode_ci NOT NULL,
  `salary` varchar(255) COLLATE utf8mb4_unicode_ci DEFAULT NULL,
  `job_description` text COLLATE utf8mb4_unicode_ci NOT NULL,
  `selected_options` varchar(255) CHARACTER SET utf8mb4 COLLATE utf8mb4_unicode_ci DEFAULT NULL,
  `vacant` int NOT NULL,
  `requirment` varchar(255) COLLATE utf8mb4_unicode_ci NOT NULL,
  `work_location` varchar(255) COLLATE utf8mb4_unicode_ci NOT NULL,
  `education` varchar(255) COLLATE utf8mb4_unicode_ci DEFAULT NULL,
  `remarks` varchar(255) COLLATE utf8mb4_unicode_ci NOT NULL,
  `date_posted` date NOT NULL,
  `is_active` tinyint(1) DEFAULT '1'
) ENGINE=InnoDB DEFAULT CHARSET=utf8mb4 COLLATE=utf8mb4_unicode_ci;

--
-- Dumping data for table `job_postings`
--

INSERT INTO `job_postings` (`j_id`, `employer_id`, `admin_id`, `job_title`, `company_name`, `job_type`, `salary`, `job_description`, `selected_options`, `vacant`, `requirment`, `work_location`, `education`, `remarks`, `date_posted`, `is_active`) VALUES
(17, 9, NULL, 'Principal Creative Specialist', NULL, 'Part time', '20000', 'sdavervcaefasdfcaweefc', 'Beautician,Carpentry Work,Gardening,Stenography', 223, '• werwewe\r\n• fsdgser\r\n• asdfasfawe', '3012 Raynor Junction', 'Undergraduate', '', '2024-10-14', 1),
(18, 10, NULL, 'Corporate Markets Strategist', NULL, '', NULL, 'Customer Response Administrator', '', 25, 'Market graduate, ', '8747 Shanie Islands', NULL, '', '2024-10-10', 1),
(19, 11, NULL, 'Human Communications Engineer', NULL, '', NULL, 'Legacy Optimization Agent', '', 439, '2ys work experience ', '417 Kub Locks', NULL, '', '2024-10-10', 1),
(23, NULL, 1, 'Customer Branding Analyst', 'Ullrich, Williamson and Stanton', 'Part time', '20000', 'dgr5gd5rggdr5g', '', 840, 'Cumque totam suscipit explicabo cum blanditiis laborum quibusdam excepturi doloribus.', 'Asperiores repellendus quasi distinctio.', 'Undergraduate', 'Quos dolore vero.', '2024-10-14', 1),
(24, NULL, 1, 'Product Response Agent', NULL, 'Prelance', '20000', 'Lead Optimization Orchestrator', 'Beautician,Painter/Artist,Tailoring,Electrician', 185, 'Quod animi sint laboriosam.', 'Deleniti repudiandae assumenda.', 'College Graduate', 'Neque harum dicta consectetur illo nihil molestiae nostrum ex iusto.', '2024-10-12', 1),
(25, NULL, 1, 'Internal Tactics Specialist', NULL, 'Prelance', '20000', 'Internal Accounts Analyst', '', 262, 'Unde dignissimos repellendus dolorum corporis voluptate voluptatum.\r\n• asdawdasdaw\r\n• asdawdawfhg\r\n• fgjfghrt\r\n• cvbcvbcfb', '31659 Justina Extension', 'Undergraduate', 'Voluptas temporibus alias eius ipsam ipsum blanditiis cum fuga saepe.', '2024-10-14', 1),
(26, NULL, 11, 'Corporate Metrics Liaison', NULL, '', NULL, 'Principal Mobility Manager', '', 639, 'Distinctio ipsum saepe nobis asperiores temporibus iste quas sunt.', 'Ab minus tempore commodi iste.', NULL, 'Nihil veritatis porro culpa eligendi impedit nostrum cupiditate impedit voluptatum.', '2024-10-12', 1),
(27, NULL, 11, 'Future Tactics Manager', NULL, '', NULL, 'Customer Accounts Strategist', '', 510, 'Incidunt facilis ut natus nisi architecto accusamus nam ea.', 'Harum iusto rerum libero.', NULL, 'Iusto harum tenetur iusto optio dolore distinctio labore.', '2024-10-12', 1),
(28, 9, NULL, 'Human Mobility Assistant', NULL, 'Part time', '233', 'inulit ko ito', '', 544, 'ito yung ayaw\r\n• ito din\r\n• tapos ito\r\n• pede din to\r\n• last na to', 'Voluptatibus molestias culpa expedita vero exercitationem.', 'Undergraduate', 'pati ito', '2024-10-12', 1),
(29, NULL, 1, 'District Directives Specialist', NULL, 'Fulltime', '20000', 'Dynamic Factors Supervisor', '', 49, 'Repellat a eveniet fugiat sequi modi occaecati nesciunt.', '7001 Johnston Ferry', NULL, 'Necessitatibus ea magni aut soluta magnam iure sequi quasi.', '2024-10-13', 1),
(30, NULL, 1, 'International Tactics Supervisor', NULL, 'Fulltime', '20000', 'Principal Implementation Analyst', '', 100, 'Incidunt laborum facere voluptatem quia placeat.', '7994 Brandt Forest', NULL, 'Adipisci nesciunt perferendis magni dignissimos dolore.', '2024-10-13', 1),
(31, NULL, 11, 'Direct Paradigm Officer', NULL, 'Fulltime', NULL, 'Dynamic Infrastructure Designer', '', 235, 'Ea repellat nobis modi.', 'Voluptatem pariatur minima vel repellendus aut perferendis.', NULL, 'Veritatis quam aut quibusdam qui explicabo minus.', '2024-10-13', 1),
(32, NULL, 11, 'Central Markets Designer', NULL, 'Fulltime', NULL, 'International Quality Representative', '', 132, 'Aliquam debitis sint voluptate nihil dolores reiciendis provident quam.', 'Quibusdam dolor voluptates quia magnam voluptate porro dignissimos aliquid culpa.', NULL, 'Animi odio accusamus reiciendis placeat sunt.', '2024-10-13', 1),
(33, NULL, 11, 'District Brand Director', NULL, 'Fulltime', NULL, 'Direct Tactics Administrator', '', 92, 'Porro distinctio commodi dolorem harum quia.', 'Asperiores neque fugit repudiandae temporibus porro illo qui eligendi amet.', NULL, 'Modi magnam quasi quaerat omnis et error.', '2024-10-13', 1),
(34, 9, NULL, 'Chief Data Consultant', NULL, 'Fulltime', '265', 'Internal Optimization Facilitator', 'new1', 444, 'ito rin ayaw\r\n• ito ayaw\r\n• ito ayaw', 'Recusandae adipisci corrupti quis suscipit.', 'College Graduate', 'Vero optio soluta.', '2024-10-14', 1),
(35, 9, NULL, 'Principal Tactics Facilitator', NULL, 'Fulltime', 'Aut ipsum reiciendis quas suscipit a quidem.', 'Chief Infrastructure Associate', 'new1,,Auto Mechanic,computer programming,Beautician', 158, 'Fugiat magnam pariatur possimus adipisci eveniet unde accusamus sit ut.', 'Dolores enim delectus soluta.', NULL, 'Tempore libero aperiam sunt cum vel ea.', '2024-10-14', 1),
(36, NULL, 1, 'Investor Brand Executive', NULL, 'Part time', 'Quidem nulla delectus illum tempore dolorum dolore expedita.', 'Legacy Infrastructure Engineer', 'Auto Mechanic,Beautician,Tailoring', 62, 'Porro suscipit ad velit rem perspiciatis natus recusandae.', 'Provident iure adipisci placeat porro consequuntur tempora repellendus.', NULL, 'Neque nemo enim sequi praesentium.', '2024-10-15', 1),
(37, NULL, 1, 'Forward Intranet Agent', NULL, 'Prelance', 'Ea sunt doloremque aliquid.', 'Human Usability Strategist', 'Beautician,Carpentry Work,Auto Mechanic,newadmin2', 75, 'Ut minus molestiae velit facere quam nostrum eum modi.', 'Architecto dicta facilis inventore excepturi cupiditate quos.', NULL, 'Dignissimos unde accusantium ratione nam ipsam nesciunt.', '2024-10-15', 1),
(38, 9, NULL, 'Newly created', NULL, 'Part time', '20000', 'asdfasdfawe', '', 0, '• dfasdf\r\n• asdfasd\r\n• sdfasdf\r\n• zxcvzxcvzxc', 'sadsafawefawef', 'High School Graduate', 'dvdsvervser', '2024-10-15', 1),
(39, NULL, 1, 'Global Accounts Producer', 'Ankunding - Spencer', 'Fulltime', 'Expedita unde eius ad.', 'Senior Web Assistant', 'Carpentry Work,Beautician,Auto Mechanic', 271, 'Itaque eius error perspiciatis.', '438 Celestino Ford', 'College Graduate', 'Minima saepe quis cumque eius.', '2024-10-15', 1),
(40, NULL, 1, 'Global Interactions Administrator', 'Wisoky - Kreiger', 'Prelance', 'A ipsam ratione quae molestiae totam.', 'Regional Functionality Designer', 'Beautician,Photography,Painting Jobs,Plumbing', 43, 'Labore a at harum.', 'Itaque ab unde dolorem laudantium possimus blanditiis veniam.', 'High School Graduate', 'Mollitia suscipit expedita ad ab optio minus.', '2024-10-18', 1);

-- --------------------------------------------------------

--
-- Table structure for table `language_proficiency`
--

CREATE TABLE `language_proficiency` (
  `id` int NOT NULL,
  `user_id` int NOT NULL,
  `language_p` varchar(255) NOT NULL,
  `read_l` tinyint(1) DEFAULT '0',
  `write_l` tinyint(1) DEFAULT '0',
  `speak_l` tinyint(1) DEFAULT '0',
  `understand_l` tinyint(1) DEFAULT '0'
) ENGINE=InnoDB DEFAULT CHARSET=utf8mb4 COLLATE=utf8mb4_0900_ai_ci;

--
-- Dumping data for table `language_proficiency`
--

INSERT INTO `language_proficiency` (`id`, `user_id`, `language_p`, `read_l`, `write_l`, `speak_l`, `understand_l`) VALUES
(64, 43, 'English', 1, 1, 1, 1),
(65, 43, 'Filipino', 1, 1, 1, 1),
(66, 43, 'English', 1, 1, 1, 1),
(67, 43, 'Filipino', 1, 1, 1, 1),
(68, 43, 'English', 1, 1, 1, 1),
(69, 43, 'Filipino', 1, 1, 1, 1),
(70, 43, 'bisaya', 0, 0, 1, 1),
(71, 43, 'English', 1, 1, 1, 1),
(72, 43, 'Filipino', 1, 1, 1, 1),
(73, 43, 'bisaya', 0, 0, 1, 1),
(74, 43, 'English', 1, 1, 1, 1),
(75, 43, 'Filipino', 1, 1, 1, 1),
(76, 43, 'bisaya', 0, 0, 1, 1),
(77, 43, 'English', 1, 1, 1, 1),
(78, 43, 'Filipino', 1, 1, 1, 1),
(79, 43, 'bisaya', 0, 0, 1, 1),
(80, 43, 'English', 1, 1, 1, 1),
(81, 43, 'Filipino', 1, 1, 1, 1),
(82, 43, 'bisaya', 0, 0, 1, 1),
(83, 43, 'English', 1, 1, 1, 1),
(84, 43, 'Filipino', 1, 1, 1, 1),
(85, 43, 'bisaya', 0, 0, 1, 1),
(86, 43, 'English', 1, 1, 1, 1),
(87, 43, 'Filipino', 1, 1, 1, 1),
(88, 43, 'bisaya', 0, 1, 1, 1),
(89, 43, 'mandarin', 0, 0, 0, 0),
(90, 43, 'English', 1, 1, 1, 1),
(91, 43, 'Filipino', 1, 1, 1, 1),
(92, 43, 'bisaya', 0, 1, 1, 1),
(93, 43, 'mandarin', 0, 1, 0, 0),
(94, 43, 'English', 1, 1, 1, 1),
(95, 43, 'Filipino', 1, 1, 1, 1),
(96, 43, 'bisaya', 0, 1, 1, 1),
(97, 43, 'mandarin', 0, 1, 0, 0),
(98, 43, 'English', 1, 1, 1, 1),
(99, 43, 'Filipino', 1, 1, 1, 1),
(100, 43, 'bisaya', 0, 1, 1, 1),
(101, 43, 'mandarin', 0, 1, 0, 0),
(102, 43, 'English', 1, 1, 1, 1),
(103, 43, 'Filipino', 1, 1, 1, 1),
(104, 43, 'bisaya', 0, 1, 1, 1),
(105, 43, 'mandarin', 0, 1, 0, 0),
(106, 43, 'English', 1, 1, 1, 1),
(107, 43, 'Filipino', 1, 1, 1, 1),
(108, 43, 'bisaya', 0, 1, 1, 1),
(109, 43, 'mandarin', 0, 1, 0, 0),
(110, 43, 'English', 1, 1, 1, 1),
(111, 43, 'Filipino', 1, 1, 1, 1),
(112, 43, 'bisaya', 0, 1, 1, 1),
(113, 43, 'mandarin', 0, 1, 0, 0),
(114, 43, 'English', 1, 1, 1, 1),
(115, 43, 'Filipino', 1, 1, 1, 1),
(116, 43, 'bisaya', 0, 1, 1, 1),
(117, 43, 'mandarin', 0, 1, 0, 0),
(118, 43, 'English', 1, 1, 1, 1),
(119, 43, 'Filipino', 1, 1, 1, 1),
(120, 43, 'bisaya', 0, 1, 1, 1),
(121, 43, 'mandarin', 0, 1, 0, 0),
(122, 43, 'English', 1, 1, 1, 1),
(123, 43, 'Filipino', 1, 1, 1, 1),
(124, 43, 'bisaya', 0, 1, 1, 1),
(125, 43, 'mandarin', 0, 1, 0, 0),
(126, 43, 'English', 1, 1, 1, 1),
(127, 43, 'Filipino', 1, 1, 1, 1),
(128, 43, 'bisaya', 0, 1, 1, 1),
(129, 43, 'mandarin', 0, 1, 0, 0),
(130, 43, 'English', 1, 1, 1, 1),
(131, 43, 'Filipino', 1, 1, 1, 1),
(132, 43, 'bisaya', 0, 1, 1, 1),
(133, 43, 'mandarin', 0, 1, 0, 0),
(134, 43, 'English', 1, 1, 1, 1),
(135, 43, 'Filipino', 1, 1, 1, 1),
(136, 43, 'bisaya', 0, 1, 1, 1),
(137, 43, 'mandarin', 0, 1, 0, 0),
(138, 43, 'English', 1, 1, 1, 1),
(139, 43, 'Filipino', 1, 1, 1, 1),
(140, 43, 'bisaya', 0, 1, 1, 1),
(141, 43, 'mandarin', 0, 1, 0, 0),
(142, 43, 'English', 1, 1, 1, 1),
(143, 43, 'Filipino', 1, 1, 1, 1),
(144, 43, 'bisaya', 0, 1, 1, 1),
(145, 43, 'mandarin', 0, 1, 0, 0),
(146, 47, 'English', 1, 0, 1, 0),
(147, 47, 'Filipino', 0, 0, 0, 0),
(148, 47, 'English', 0, 1, 1, 0),
(149, 47, 'Filipino', 0, 1, 0, 0);

-- --------------------------------------------------------

--
-- Table structure for table `license`
--

CREATE TABLE `license` (
  `id` int UNSIGNED NOT NULL,
  `user_id` int DEFAULT NULL,
  `eligibility` varchar(255) NOT NULL,
  `rating` varchar(255) NOT NULL,
  `doe` date NOT NULL,
  `prc_path` varchar(255) NOT NULL
) ENGINE=InnoDB DEFAULT CHARSET=utf8mb4 COLLATE=utf8mb4_0900_ai_ci;

--
-- Dumping data for table `license`
--

INSERT INTO `license` (`id`, `user_id`, `eligibility`, `rating`, `doe`, `prc_path`) VALUES
(18, 43, 'Jurupa Valley', 'rate1', '2024-09-15', 'license_files/Performance-Task-2-Individual-Work_ITEC-306.pdf'),
(19, 43, 'Lexington-Fayette', 'rate2', '2021-07-18', 'license_files/Blue-Professional-CV-Resume_2.pdf'),
(20, 47, 'Attleboro', 'Aperiam nulla voluptates voluptatibus ipsa nobis.', '2025-07-13', ''),
(21, 47, 'West Lafayette', 'Corporis accusamus placeat voluptate fuga nesciunt.', '2025-08-31', '');

-- --------------------------------------------------------

--
-- Table structure for table `modules`
--

CREATE TABLE `modules` (
  `id` int NOT NULL,
  `course_id` int DEFAULT NULL,
  `module_name` varchar(255) CHARACTER SET utf8mb4 COLLATE utf8mb4_unicode_ci DEFAULT NULL
) ENGINE=InnoDB DEFAULT CHARSET=utf8mb4 COLLATE=utf8mb4_unicode_ci;

--
-- Dumping data for table `modules`
--

INSERT INTO `modules` (`id`, `course_id`, `module_name`) VALUES
(1, 1, 'measurements'),
(2, 1, 'needle & thread'),
(3, 1, 'Cutting'),
(4, 3, 'new1'),
(5, 3, 'new12'),
(6, 4, 'Baking'),
(7, 4, 'Grilling'),
(9, 5, 'Introduction to Digital Marketing'),
(10, 5, 'Search Engine Optimization (SEO)'),
(11, 5, ' Social Media Marketing'),
(12, 4, 'Frying'),
(13, 2, 'dfe'),
(14, 2, 'dsaadw'),
(15, 2, 'wfd3we'),
(16, 1, 'Drafting'),
(19, 18, NULL),
(20, 18, NULL),
(21, 18, NULL),
(22, 19, 'Sculpture'),
(23, 19, 'Chair & table building'),
(24, 19, 'Bamboo Item'),
(27, 20, NULL),
(28, 20, NULL),
(29, 20, NULL),
(30, 20, NULL),
(31, 20, NULL),
(32, 20, NULL),
(33, 20, NULL),
(34, 20, NULL),
(35, 20, NULL),
(36, 20, NULL),
(37, 20, NULL),
(40, 21, NULL),
(41, 21, NULL),
(42, 21, NULL),
(43, 21, NULL),
(44, 21, NULL),
(45, 21, NULL),
(46, 21, NULL),
(47, 21, NULL),
(48, 21, NULL),
(49, 21, NULL),
(50, 21, NULL),
(51, 21, NULL),
(52, 21, NULL),
(53, 21, NULL),
(54, 21, NULL),
(55, 21, NULL),
(56, 21, NULL),
(57, 21, NULL),
(58, 21, NULL),
(59, 21, NULL),
(60, 21, NULL),
(61, 21, NULL),
(62, 21, NULL),
(63, 21, NULL),
(64, 21, NULL),
(65, 21, NULL),
(66, 21, NULL),
(67, 21, NULL),
(68, 21, NULL),
(69, 21, NULL),
(70, 21, NULL),
(71, 21, NULL),
(72, 21, NULL),
(73, 21, NULL),
(74, 21, NULL),
(75, 21, NULL),
(76, 21, NULL),
(77, 21, NULL),
(78, 21, NULL),
(79, 21, NULL),
(80, 21, NULL),
(81, 21, NULL),
(82, 21, NULL),
(83, 21, NULL),
(84, 21, NULL),
(85, 21, NULL),
(86, 21, NULL),
(87, 21, NULL),
(88, 21, NULL),
(89, 21, NULL),
(90, 21, NULL),
(91, 21, NULL),
(92, 21, NULL),
(93, 21, NULL),
(94, 21, NULL),
(95, 21, NULL),
(96, 21, NULL),
(97, 21, NULL),
(98, 21, NULL),
(99, 21, NULL),
(100, 21, NULL),
(101, 21, NULL),
(102, 21, NULL),
(103, 21, NULL),
(104, 21, NULL),
(105, 21, NULL),
(106, 21, NULL),
(107, 21, NULL),
(108, 21, NULL),
(109, 21, NULL),
(110, 21, NULL),
(111, 21, NULL),
(112, 21, NULL),
(113, 21, NULL),
(114, 21, NULL),
(115, 21, NULL),
(116, 21, NULL),
(117, 21, NULL),
(118, 21, NULL),
(119, 21, NULL),
(120, 21, NULL),
(121, 21, NULL),
(122, 21, NULL),
(123, 21, NULL),
(124, 21, NULL),
(125, 21, NULL),
(126, 21, NULL),
(127, 21, NULL),
(128, 21, NULL),
(129, 21, NULL),
(130, 21, NULL),
(131, 21, NULL),
(132, 21, NULL),
(133, 21, NULL),
(134, 21, NULL),
(135, 21, NULL),
(136, 21, NULL),
(137, 21, NULL),
(138, 21, NULL),
(139, 21, NULL),
(140, 21, NULL),
(141, 21, NULL),
(142, 21, NULL),
(143, 21, NULL),
(144, 21, NULL),
(145, 21, NULL),
(146, 21, NULL),
(147, 21, NULL),
(148, 21, NULL),
(149, 21, NULL),
(150, 21, NULL),
(151, 21, NULL),
(152, 21, NULL),
(153, 21, NULL),
(154, 21, NULL),
(155, 21, NULL),
(156, 21, NULL),
(157, 21, NULL),
(158, 21, NULL),
(159, 21, NULL),
(160, 21, NULL),
(161, 21, NULL),
(162, 21, NULL),
(163, 21, NULL),
(164, 21, NULL),
(165, 21, NULL),
(166, 21, NULL),
(167, 21, NULL),
(168, 21, NULL),
(169, 21, NULL),
(170, 21, NULL),
(171, 21, NULL),
(172, 21, NULL),
(173, 21, NULL),
(174, 21, NULL),
(175, 21, NULL),
(176, 21, NULL),
(177, 21, NULL),
(178, 21, NULL),
(179, 21, NULL),
(180, 21, NULL),
(181, 21, NULL),
(182, 21, NULL),
(183, 21, NULL),
(184, 21, NULL),
(185, 21, NULL),
(186, 21, NULL),
(187, 21, NULL),
(188, 21, NULL),
(189, 21, NULL),
(190, 21, NULL),
(191, 21, NULL),
(192, 21, NULL),
(193, 21, NULL),
(194, 21, NULL),
(195, 21, NULL),
(196, 21, NULL),
(197, 21, NULL),
(198, 21, NULL),
(199, 21, NULL),
(200, 21, NULL),
(201, 21, NULL),
(202, 21, NULL),
(203, 21, NULL),
(204, 21, NULL),
(205, 21, NULL),
(206, 21, NULL),
(207, 21, NULL),
(208, 21, NULL),
(209, 21, NULL),
(210, 21, NULL),
(211, 21, NULL),
(212, 21, NULL),
(213, 21, NULL),
(214, 21, NULL),
(215, 21, NULL),
(216, 21, NULL),
(217, 21, NULL),
(218, 21, NULL),
(219, 21, NULL),
(220, 21, NULL),
(221, 21, NULL),
(222, 21, NULL),
(223, 21, NULL),
(224, 21, NULL),
(225, 21, NULL),
(226, 21, NULL),
(227, 21, NULL),
(228, 21, NULL),
(229, 21, NULL),
(230, 21, NULL),
(231, 21, NULL),
(232, 21, NULL),
(233, 21, NULL),
(234, 21, NULL),
(235, 21, NULL),
(236, 21, NULL),
(237, 21, NULL),
(238, 21, NULL),
(239, 21, NULL),
(240, 21, NULL),
(241, 21, NULL),
(242, 21, NULL),
(243, 21, NULL),
(244, 21, NULL),
(245, 21, NULL),
(246, 21, NULL),
(247, 21, NULL),
(248, 21, NULL),
(249, 21, NULL),
(250, 21, NULL),
(251, 21, NULL),
(252, 21, NULL),
(253, 21, NULL),
(254, 21, NULL),
(255, 21, NULL),
(256, 21, NULL),
(257, 21, NULL),
(258, 21, NULL),
(259, 21, NULL),
(260, 21, NULL),
(261, 21, NULL),
(262, 21, NULL),
(263, 21, NULL),
(264, 21, NULL),
(265, 21, NULL),
(266, 21, NULL),
(267, 21, NULL),
(268, 21, NULL),
(269, 21, NULL),
(270, 21, NULL),
(271, 21, NULL),
(272, 21, NULL),
(273, 21, NULL),
(274, 21, NULL),
(275, 21, NULL),
(276, 21, NULL),
(277, 21, NULL),
(278, 21, NULL),
(279, 21, NULL),
(280, 21, NULL),
(281, 21, NULL),
(282, 21, NULL),
(283, 21, NULL),
(284, 21, NULL),
(285, 21, NULL),
(286, 21, NULL),
(287, 21, NULL),
(288, 21, NULL),
(289, 21, NULL),
(290, 21, NULL),
(291, 21, NULL),
(292, 21, NULL),
(293, 21, NULL),
(294, 21, NULL),
(295, 21, NULL),
(296, 21, NULL),
(297, 21, NULL),
(298, 21, NULL),
(299, 21, NULL),
(300, 21, NULL),
(301, 21, NULL),
(302, 21, NULL),
(303, 21, NULL),
(304, 21, NULL),
(305, 21, NULL),
(306, 21, NULL),
(307, 21, NULL),
(308, 21, NULL),
(309, 21, NULL),
(310, 21, NULL),
(311, 21, NULL),
(312, 21, NULL),
(313, 21, NULL),
(314, 21, NULL),
(315, 21, NULL),
(316, 21, NULL),
(317, 21, NULL),
(318, 21, NULL),
(319, 21, NULL),
(320, 21, NULL),
(321, 21, NULL),
(322, 21, NULL),
(323, 21, NULL),
(324, 21, NULL),
(325, 21, NULL),
(326, 21, NULL),
(327, 21, NULL),
(328, 21, NULL),
(329, 21, NULL),
(330, 21, NULL),
(331, 21, NULL),
(332, 21, NULL),
(333, 21, NULL),
(334, 21, NULL),
(335, 21, NULL),
(336, 21, NULL),
(337, 21, NULL),
(338, 21, NULL),
(339, 21, NULL),
(340, 21, NULL),
(341, 21, NULL),
(342, 21, NULL),
(343, 21, NULL),
(344, 21, NULL),
(345, 21, NULL),
(346, 21, NULL),
(347, 21, NULL),
(348, 21, NULL),
(349, 21, NULL),
(350, 21, NULL),
(351, 21, NULL),
(352, 21, NULL),
(353, 21, NULL),
(354, 21, NULL),
(355, 21, NULL),
(356, 21, NULL),
(357, 21, NULL),
(358, 21, NULL),
(359, 21, NULL),
(360, 21, NULL),
(361, 21, NULL),
(362, 21, NULL),
(363, 21, NULL),
(364, 21, NULL),
(365, 21, NULL),
(366, 21, NULL),
(367, 21, NULL),
(368, 21, NULL),
(369, 21, NULL),
(370, 21, NULL),
(371, 21, NULL),
(372, 21, NULL),
(373, 21, NULL),
(374, 21, NULL),
(375, 21, NULL),
(376, 21, NULL),
(377, 21, NULL),
(378, 21, NULL),
(379, 21, NULL),
(380, 21, NULL),
(381, 21, NULL),
(382, 21, NULL),
(383, 21, NULL),
(384, 21, NULL),
(385, 21, NULL),
(386, 21, NULL),
(387, 21, NULL),
(388, 21, NULL),
(389, 21, NULL),
(390, 21, NULL),
(391, 21, NULL),
(392, 21, NULL),
(393, 21, NULL),
(394, 21, NULL),
(395, 21, NULL),
(396, 21, NULL),
(397, 21, NULL),
(398, 21, NULL),
(399, 21, NULL),
(400, 21, NULL),
(401, 21, NULL),
(402, 21, NULL),
(403, 21, NULL),
(404, 21, NULL),
(405, 21, NULL),
(406, 21, NULL),
(407, 21, NULL),
(408, 21, NULL),
(409, 21, NULL),
(410, 21, NULL),
(411, 21, NULL),
(412, 21, NULL),
(413, 21, NULL),
(414, 21, NULL),
(415, 21, NULL),
(416, 21, NULL),
(417, 21, NULL),
(418, 21, NULL),
(419, 21, NULL),
(420, 21, NULL),
(421, 21, NULL),
(422, 21, NULL),
(423, 21, NULL),
(424, 21, NULL),
(425, 21, NULL),
(426, 21, NULL),
(427, 21, NULL),
(428, 21, NULL),
(429, 21, NULL),
(430, 21, NULL),
(431, 21, NULL),
(432, 21, NULL),
(433, 21, NULL),
(434, 21, NULL),
(435, 21, NULL),
(436, 21, NULL),
(437, 21, NULL),
(438, 21, NULL),
(439, 21, NULL),
(440, 21, NULL),
(441, 21, NULL),
(442, 21, NULL),
(443, 21, NULL),
(444, 21, NULL),
(445, 21, NULL),
(446, 21, NULL),
(447, 21, NULL),
(448, 21, NULL),
(449, 21, NULL),
(450, 21, NULL),
(451, 21, NULL),
(452, 21, NULL),
(453, 21, NULL),
(454, 21, NULL),
(455, 21, NULL),
(456, 21, NULL),
(457, 21, NULL),
(458, 21, NULL),
(459, 21, NULL),
(460, 21, NULL),
(461, 21, NULL),
(462, 21, NULL),
(463, 21, NULL),
(464, 21, NULL),
(465, 21, NULL),
(466, 21, NULL),
(467, 21, NULL),
(468, 21, NULL),
(469, 21, NULL),
(470, 21, NULL),
(471, 21, NULL),
(472, 21, NULL),
(473, 21, NULL),
(474, 21, NULL),
(475, 21, NULL),
(476, 21, NULL),
(477, 21, NULL),
(478, 21, NULL),
(479, 21, NULL),
(480, 21, NULL),
(481, 21, NULL),
(482, 21, NULL),
(483, 21, NULL),
(484, 21, NULL),
(485, 21, NULL),
(486, 21, NULL),
(487, 21, NULL),
(488, 21, NULL),
(489, 21, NULL),
(490, 21, NULL),
(491, 21, NULL),
(492, 21, NULL),
(493, 21, NULL),
(494, 21, NULL),
(495, 21, NULL),
(496, 21, NULL),
(497, 21, NULL),
(498, 21, NULL),
(499, 21, NULL),
(500, 21, NULL),
(501, 21, NULL),
(502, 21, NULL),
(503, 21, NULL),
(504, 21, NULL),
(505, 21, NULL),
(506, 21, NULL),
(507, 21, NULL),
(508, 21, NULL),
(509, 21, NULL),
(510, 21, NULL),
(511, 21, NULL),
(512, 21, NULL),
(513, 21, NULL),
(514, 21, NULL),
(515, 21, NULL),
(516, 21, NULL),
(517, 21, NULL),
(518, 21, NULL),
(519, 21, NULL),
(520, 21, NULL),
(521, 21, NULL),
(522, 21, NULL),
(523, 21, NULL),
(524, 21, NULL),
(525, 21, NULL),
(526, 21, NULL),
(527, 21, NULL),
(528, 21, NULL),
(529, 21, NULL),
(530, 22, NULL),
(531, 22, NULL),
(532, 22, NULL),
(533, 22, NULL),
(534, 22, NULL),
(535, 23, NULL),
(536, 23, NULL),
(537, 23, NULL),
(538, 23, NULL),
(539, 23, NULL),
(540, 23, NULL),
(541, 23, NULL),
(542, 23, NULL),
(543, 23, NULL),
(544, 23, NULL),
(545, 23, NULL),
(546, 23, NULL),
(547, 23, NULL),
(548, 23, NULL),
(549, 23, NULL),
(550, 23, NULL),
(551, 23, NULL),
(552, 23, NULL),
(553, 23, NULL),
(554, 23, NULL),
(555, 23, NULL),
(556, 23, NULL),
(557, 23, NULL),
(558, 23, NULL),
(559, 23, NULL),
(560, 23, NULL),
(561, 23, NULL),
(562, 23, NULL),
(563, 23, NULL),
(564, 23, NULL),
(565, 23, NULL),
(566, 23, NULL),
(567, 23, NULL),
(568, 23, NULL),
(569, 23, NULL),
(570, 23, NULL),
(571, 23, NULL),
(572, 23, NULL),
(573, 23, NULL),
(574, 23, NULL),
(575, 23, NULL),
(576, 23, NULL),
(577, 23, NULL),
(578, 23, NULL),
(579, 23, NULL),
(580, 23, NULL),
(581, 23, NULL),
(582, 23, NULL),
(583, 24, NULL),
(584, 24, NULL),
(585, 24, NULL),
(586, 24, NULL),
(587, 24, NULL),
(588, 24, NULL),
(589, 24, NULL),
(590, 24, NULL),
(591, 24, NULL),
(592, 24, NULL),
(593, 24, NULL),
(594, 24, NULL),
(595, 24, NULL),
(596, 24, NULL),
(597, 24, NULL),
(598, 24, NULL),
(599, 24, NULL),
(600, 24, NULL),
(601, 24, NULL),
(602, 24, NULL),
(603, 24, NULL),
(604, 24, NULL),
(605, 24, NULL),
(606, 24, NULL),
(607, 24, NULL),
(608, 24, NULL),
(609, 24, NULL),
(610, 24, NULL),
(611, 24, NULL),
(612, 24, NULL),
(613, 24, NULL),
(614, 24, NULL),
(615, 24, NULL),
(616, 24, NULL),
(617, 24, NULL),
(618, 24, NULL),
(619, 24, NULL),
(620, 24, NULL),
(621, 24, NULL),
(622, 24, NULL),
(623, 24, NULL),
(624, 24, NULL),
(625, 24, NULL),
(626, 24, NULL),
(627, 24, NULL),
(628, 24, NULL),
(629, 24, NULL),
(630, 24, NULL),
(631, 24, NULL),
(632, 24, NULL),
(633, 24, NULL),
(634, 24, NULL),
(635, 24, NULL),
(636, 24, NULL),
(637, 24, NULL),
(638, 24, NULL),
(639, 24, NULL),
(640, 24, NULL),
(641, 24, NULL),
(642, 24, NULL),
(643, 24, NULL),
(644, 24, NULL),
(645, 24, NULL),
(646, 24, NULL),
(647, 24, NULL),
(648, 24, NULL),
(649, 24, NULL),
(650, 24, NULL),
(651, 24, NULL),
(652, 24, NULL),
(653, 24, NULL),
(654, 24, NULL),
(655, 24, NULL),
(656, 24, NULL),
(657, 24, NULL),
(658, 24, NULL),
(659, 24, NULL),
(660, 24, NULL),
(661, 24, NULL),
(662, 24, NULL),
(663, 24, NULL),
(664, 24, NULL),
(665, 24, NULL),
(666, 24, NULL),
(667, 24, NULL),
(668, 24, NULL),
(669, 24, NULL),
(670, 24, NULL),
(671, 24, NULL),
(672, 24, NULL),
(673, 24, NULL),
(674, 24, NULL),
(675, 24, NULL),
(676, 24, NULL),
(677, 24, NULL),
(678, 24, NULL),
(679, 24, NULL),
(680, 24, NULL),
(681, 24, NULL),
(682, 24, NULL),
(683, 24, NULL),
(684, 24, NULL),
(685, 24, NULL),
(686, 24, NULL),
(687, 24, NULL),
(688, 24, NULL),
(689, 24, NULL),
(690, 24, NULL),
(691, 24, NULL),
(692, 24, NULL),
(693, 24, NULL),
(694, 24, NULL),
(695, 24, NULL),
(696, 24, NULL),
(697, 24, NULL),
(698, 24, NULL),
(699, 24, NULL),
(700, 24, NULL),
(701, 24, NULL),
(702, 24, NULL),
(703, 24, NULL),
(704, 24, NULL),
(705, 24, NULL),
(706, 24, NULL),
(707, 24, NULL),
(708, 24, NULL),
(709, 24, NULL),
(710, 24, NULL),
(711, 24, NULL),
(712, 24, NULL),
(713, 24, NULL),
(714, 24, NULL),
(715, 24, NULL),
(716, 24, NULL),
(717, 24, NULL),
(718, 24, NULL),
(719, 24, NULL),
(720, 24, NULL),
(721, 24, NULL),
(722, 24, NULL),
(723, 24, NULL),
(724, 24, NULL),
(725, 24, NULL),
(726, 24, NULL),
(727, 24, NULL),
(728, 24, NULL),
(729, 24, NULL),
(730, 24, NULL),
(731, 24, NULL),
(732, 24, NULL),
(733, 24, NULL),
(734, 24, NULL),
(735, 24, NULL),
(736, 24, NULL),
(737, 24, NULL),
(738, 24, NULL),
(739, 24, NULL),
(740, 24, NULL),
(741, 24, NULL),
(742, 24, NULL),
(743, 24, NULL),
(744, 24, NULL),
(745, 24, NULL),
(746, 24, NULL),
(747, 24, NULL),
(748, 24, NULL),
(749, 24, NULL),
(750, 24, NULL),
(751, 24, NULL),
(752, 24, NULL),
(753, 24, NULL),
(754, 24, NULL),
(755, 24, NULL),
(756, 24, NULL),
(757, 24, NULL),
(758, 24, NULL),
(759, 24, NULL),
(760, 24, NULL),
(761, 24, NULL),
(762, 24, NULL),
(763, 24, NULL),
(764, 24, NULL),
(765, 24, NULL),
(766, 24, NULL),
(767, 24, NULL),
(768, 24, NULL),
(769, 24, NULL),
(770, 24, NULL),
(771, 24, NULL),
(772, 24, NULL),
(773, 24, NULL),
(774, 24, NULL),
(775, 24, NULL),
(776, 24, NULL),
(777, 24, NULL),
(778, 24, NULL),
(779, 24, NULL),
(780, 24, NULL),
(781, 24, NULL),
(782, 24, NULL),
(783, 24, NULL),
(784, 24, NULL),
(785, 24, NULL),
(786, 24, NULL),
(787, 24, NULL),
(788, 24, NULL),
(789, 24, NULL),
(790, 24, NULL),
(791, 24, NULL),
(792, 24, NULL),
(793, 24, NULL),
(794, 24, NULL),
(795, 24, NULL),
(796, 24, NULL),
(797, 24, NULL),
(798, 24, NULL),
(799, 24, NULL),
(800, 24, NULL),
(801, 24, NULL),
(802, 24, NULL),
(803, 24, NULL),
(804, 24, NULL),
(805, 24, NULL),
(806, 24, NULL),
(807, 24, NULL),
(808, 24, NULL),
(809, 24, NULL),
(810, 24, NULL),
(811, 24, NULL),
(812, 24, NULL),
(813, 24, NULL),
(814, 24, NULL),
(815, 24, NULL),
(816, 24, NULL),
(817, 24, NULL),
(818, 24, NULL),
(819, 24, NULL),
(820, 24, NULL),
(821, 24, NULL),
(822, 24, NULL),
(823, 24, NULL),
(824, 24, NULL),
(825, 24, NULL),
(826, 24, NULL),
(827, 24, NULL),
(828, 24, NULL),
(829, 24, NULL),
(830, 24, NULL),
(831, 24, NULL),
(832, 24, NULL),
(833, 24, NULL),
(834, 24, NULL),
(835, 24, NULL),
(836, 24, NULL),
(837, 24, NULL),
(838, 24, NULL),
(839, 24, NULL),
(840, 24, NULL),
(841, 24, NULL),
(842, 24, NULL),
(843, 24, NULL),
(844, 24, NULL),
(845, 24, NULL),
(846, 24, NULL),
(847, 24, NULL),
(848, 24, NULL),
(849, 24, NULL),
(850, 24, NULL),
(851, 24, NULL),
(852, 24, NULL),
(853, 24, NULL),
(854, 24, NULL),
(855, 24, NULL),
(856, 24, NULL),
(857, 24, NULL),
(858, 24, NULL),
(859, 24, NULL),
(860, 24, NULL),
(861, 24, NULL),
(862, 24, NULL),
(863, 24, NULL),
(864, 24, NULL),
(865, 24, NULL),
(866, 24, NULL),
(867, 24, NULL),
(868, 24, NULL),
(869, 24, NULL),
(870, 24, NULL),
(871, 24, NULL),
(872, 24, NULL),
(873, 24, NULL),
(874, 24, NULL),
(875, 24, NULL),
(876, 24, NULL),
(877, 24, NULL),
(878, 24, NULL),
(879, 24, NULL),
(880, 24, NULL),
(881, 24, NULL),
(882, 24, NULL),
(883, 24, NULL),
(884, 24, NULL),
(885, 24, NULL),
(886, 24, NULL),
(887, 24, NULL),
(888, 24, NULL),
(889, 24, NULL),
(890, 24, NULL),
(891, 24, NULL),
(892, 24, NULL),
(893, 24, NULL),
(894, 24, NULL),
(895, 24, NULL),
(896, 24, NULL),
(897, 24, NULL),
(898, 24, NULL),
(899, 24, NULL),
(900, 24, NULL),
(901, 24, NULL),
(902, 24, NULL),
(903, 24, NULL),
(904, 24, NULL),
(905, 24, NULL),
(906, 24, NULL),
(907, 24, NULL),
(908, 24, NULL),
(909, 24, NULL),
(910, 24, NULL),
(911, 24, NULL),
(912, 24, NULL),
(913, 24, NULL),
(914, 24, NULL),
(915, 24, NULL),
(916, 24, NULL),
(917, 24, NULL),
(918, 24, NULL),
(919, 24, NULL),
(920, 24, NULL),
(921, 24, NULL),
(922, 24, NULL),
(923, 24, NULL),
(924, 24, NULL),
(925, 24, NULL),
(926, 24, NULL),
(927, 24, NULL),
(928, 24, NULL),
(929, 24, NULL),
(930, 24, NULL),
(931, 24, NULL),
(932, 24, NULL),
(933, 24, NULL),
(934, 24, NULL),
(935, 24, NULL),
(936, 24, NULL),
(937, 24, NULL),
(938, 24, NULL),
(939, 24, NULL),
(940, 24, NULL),
(941, 24, NULL),
(942, 24, NULL),
(943, 24, NULL),
(944, 24, NULL),
(945, 24, NULL),
(946, 24, NULL),
(947, 24, NULL),
(948, 24, NULL),
(949, 24, NULL),
(950, 24, NULL),
(951, 24, NULL),
(952, 24, NULL),
(953, 24, NULL),
(954, 24, NULL),
(955, 24, NULL),
(956, 24, NULL),
(957, 24, NULL),
(958, 24, NULL),
(959, 24, NULL),
(960, 24, NULL),
(961, 24, NULL),
(962, 24, NULL),
(963, 24, NULL),
(964, 24, NULL),
(965, 24, NULL),
(966, 24, NULL),
(967, 24, NULL),
(968, 24, NULL),
(969, 24, NULL),
(970, 24, NULL),
(971, 24, NULL),
(972, 24, NULL),
(973, 24, NULL),
(974, 24, NULL),
(975, 24, NULL),
(976, 24, NULL),
(977, 24, NULL),
(978, 24, NULL),
(979, 24, NULL),
(980, 24, NULL),
(981, 24, NULL),
(982, 24, NULL),
(983, 24, NULL),
(984, 24, NULL),
(985, 24, NULL),
(986, 24, NULL),
(987, 24, NULL),
(988, 24, NULL),
(989, 24, NULL),
(990, 24, NULL),
(991, 24, NULL),
(992, 24, NULL),
(993, 24, NULL),
(994, 24, NULL),
(995, 24, NULL),
(996, 24, NULL),
(997, 24, NULL),
(998, 24, NULL),
(999, 24, NULL),
(1000, 24, NULL),
(1001, 24, NULL),
(1002, 24, NULL),
(1003, 24, NULL),
(1004, 24, NULL),
(1005, 24, NULL),
(1006, 24, NULL),
(1007, 24, NULL),
(1008, 24, NULL),
(1009, 24, NULL),
(1010, 24, NULL),
(1011, 24, NULL),
(1012, 24, NULL),
(1013, 24, NULL),
(1014, 24, NULL),
(1015, 24, NULL),
(1016, 24, NULL),
(1017, 24, NULL),
(1018, 24, NULL),
(1019, 24, NULL),
(1020, 24, NULL),
(1021, 24, NULL),
(1022, 24, NULL),
(1023, 24, NULL),
(1024, 24, NULL),
(1025, 24, NULL),
(1026, 24, NULL),
(1027, 24, NULL),
(1028, 24, NULL),
(1029, 24, NULL),
(1030, 24, NULL),
(1031, 24, NULL),
(1032, 24, NULL),
(1033, 24, NULL),
(1034, 24, NULL),
(1035, 24, NULL),
(1036, 24, NULL),
(1037, 24, NULL),
(1038, 24, NULL),
(1039, 24, NULL),
(1040, 24, NULL),
(1041, 24, NULL),
(1042, 24, NULL),
(1043, 24, NULL),
(1044, 24, NULL),
(1045, 24, NULL),
(1046, 24, NULL),
(1047, 24, NULL),
(1048, 24, NULL),
(1049, 24, NULL),
(1050, 24, NULL),
(1051, 24, NULL),
(1052, 24, NULL),
(1053, 24, NULL),
(1054, 24, NULL),
(1055, 24, NULL),
(1056, 24, NULL),
(1057, 24, NULL),
(1058, 24, NULL),
(1059, 24, NULL),
(1060, 24, NULL),
(1061, 24, NULL),
(1062, 24, NULL),
(1063, 24, NULL),
(1064, 24, NULL),
(1065, 24, NULL),
(1066, 24, NULL),
(1067, 24, NULL),
(1068, 24, NULL),
(1069, 24, NULL),
(1070, 24, NULL),
(1071, 24, NULL),
(1072, 24, NULL),
(1073, 24, NULL),
(1074, 24, NULL),
(1075, 24, NULL),
(1076, 24, NULL),
(1077, 24, NULL),
(1078, 24, NULL),
(1079, 24, NULL),
(1080, 24, NULL),
(1081, 24, NULL),
(1082, 24, NULL),
(1083, 24, NULL),
(1084, 24, NULL),
(1085, 24, NULL),
(1086, 24, NULL),
(1087, 24, NULL),
(1088, 24, NULL),
(1089, 24, NULL),
(1090, 24, NULL),
(1091, 24, NULL),
(1092, 24, NULL),
(1093, 24, NULL),
(1094, 24, NULL),
(1095, 24, NULL),
(1096, 24, NULL),
(1097, 24, NULL),
(1098, 24, NULL),
(1099, 24, NULL),
(1100, 24, NULL),
(1101, 24, NULL),
(1102, 24, NULL),
(1103, 24, NULL),
(1104, 24, NULL),
(1105, 24, NULL),
(1106, 24, NULL),
(1107, 24, NULL),
(1108, 24, NULL),
(1109, 24, NULL),
(1110, 24, NULL),
(1111, 24, NULL),
(1112, 24, NULL),
(1113, 24, NULL),
(1114, 24, NULL),
(1115, 24, NULL),
(1116, 24, NULL),
(1117, 24, NULL),
(1118, 24, NULL),
(1119, 24, NULL),
(1120, 24, NULL),
(1121, 24, NULL),
(1122, 24, NULL),
(1123, 24, NULL),
(1124, 24, NULL),
(1125, 24, NULL),
(1126, 24, NULL),
(1127, 24, NULL),
(1128, 24, NULL),
(1129, 24, NULL),
(1130, 24, NULL),
(1131, 24, NULL),
(1132, 24, NULL),
(1133, 24, NULL),
(1134, 24, NULL),
(1135, 24, NULL),
(1136, 24, NULL),
(1137, 24, NULL),
(1138, 24, NULL),
(1139, 24, NULL),
(1140, 24, NULL),
(1141, 24, NULL),
(1142, 24, NULL),
(1143, 24, NULL),
(1144, 24, NULL),
(1145, 24, NULL),
(1146, 24, NULL),
(1147, 24, NULL),
(1148, 24, NULL),
(1149, 24, NULL),
(1150, 24, NULL),
(1151, 24, NULL),
(1152, 24, NULL),
(1153, 24, NULL),
(1154, 24, NULL),
(1155, 24, NULL),
(1156, 24, NULL),
(1157, 24, NULL),
(1158, 24, NULL),
(1159, 24, NULL),
(1160, 24, NULL),
(1161, 24, NULL),
(1162, 24, NULL),
(1163, 24, NULL),
(1164, 24, NULL),
(1165, 24, NULL),
(1166, 24, NULL),
(1167, 24, NULL),
(1168, 24, NULL),
(1169, 25, NULL),
(1170, 25, NULL),
(1171, 25, NULL),
(1172, 25, NULL),
(1173, 25, NULL),
(1174, 25, NULL),
(1175, 25, NULL),
(1176, 25, NULL),
(1177, 25, NULL),
(1178, 25, NULL),
(1179, 25, NULL),
(1180, 25, NULL),
(1181, 25, NULL),
(1182, 25, NULL),
(1183, 25, NULL),
(1184, 25, NULL),
(1185, 25, NULL),
(1186, 25, NULL),
(1187, 25, NULL),
(1188, 25, NULL),
(1189, 25, NULL),
(1190, 25, NULL),
(1191, 25, NULL),
(1192, 25, NULL),
(1193, 25, NULL),
(1194, 25, NULL),
(1195, 25, NULL),
(1196, 25, NULL),
(1197, 25, NULL),
(1198, 25, NULL),
(1199, 25, NULL),
(1200, 25, NULL),
(1201, 25, NULL),
(1202, 25, NULL),
(1203, 25, NULL),
(1204, 25, NULL),
(1205, 25, NULL),
(1206, 25, NULL),
(1207, 25, NULL),
(1208, 25, NULL),
(1209, 25, NULL),
(1210, 25, NULL),
(1211, 25, NULL),
(1212, 25, NULL),
(1213, 25, NULL),
(1214, 25, NULL),
(1215, 25, NULL),
(1216, 25, NULL),
(1217, 25, NULL),
(1218, 25, NULL),
(1219, 25, NULL),
(1220, 25, NULL),
(1221, 25, NULL),
(1222, 25, NULL),
(1223, 25, NULL),
(1224, 25, NULL),
(1225, 25, NULL),
(1226, 25, NULL),
(1227, 25, NULL),
(1228, 25, NULL),
(1229, 25, NULL),
(1230, 25, NULL),
(1231, 25, NULL),
(1232, 25, NULL),
(1233, 25, NULL),
(1234, 25, NULL),
(1235, 25, NULL),
(1236, 25, NULL),
(1237, 25, NULL),
(1238, 25, NULL),
(1239, 25, NULL),
(1240, 25, NULL),
(1241, 25, NULL),
(1242, 25, NULL),
(1243, 25, NULL),
(1244, 25, NULL),
(1245, 25, NULL),
(1246, 25, NULL),
(1247, 25, NULL),
(1248, 25, NULL),
(1249, 25, NULL),
(1250, 25, NULL),
(1251, 25, NULL),
(1252, 25, NULL),
(1253, 25, NULL),
(1254, 25, NULL),
(1255, 25, NULL),
(1256, 25, NULL),
(1257, 25, NULL),
(1258, 25, NULL),
(1259, 25, NULL),
(1260, 25, NULL),
(1261, 25, NULL),
(1262, 25, NULL),
(1263, 25, NULL),
(1264, 25, NULL),
(1265, 25, NULL),
(1266, 25, NULL),
(1267, 25, NULL),
(1268, 25, NULL),
(1269, 25, NULL),
(1270, 25, NULL),
(1271, 25, NULL),
(1272, 25, NULL),
(1273, 25, NULL),
(1274, 25, NULL),
(1275, 25, NULL),
(1276, 25, NULL),
(1277, 25, NULL),
(1278, 25, NULL),
(1279, 25, NULL),
(1280, 25, NULL),
(1281, 25, NULL),
(1282, 25, NULL),
(1283, 25, NULL),
(1284, 25, NULL),
(1285, 25, NULL),
(1286, 25, NULL),
(1287, 25, NULL),
(1288, 25, NULL),
(1289, 25, NULL),
(1290, 25, NULL),
(1291, 25, NULL),
(1292, 25, NULL),
(1293, 25, NULL),
(1294, 25, NULL),
(1295, 25, NULL),
(1296, 25, NULL),
(1297, 25, NULL),
(1298, 25, NULL),
(1299, 25, NULL),
(1300, 25, NULL),
(1301, 25, NULL),
(1302, 25, NULL),
(1303, 25, NULL),
(1304, 25, NULL),
(1305, 25, NULL),
(1306, 25, NULL),
(1307, 25, NULL),
(1308, 25, NULL),
(1309, 25, NULL),
(1310, 25, NULL),
(1311, 25, NULL),
(1312, 25, NULL),
(1313, 25, NULL),
(1314, 25, NULL),
(1315, 25, NULL),
(1316, 25, NULL),
(1317, 25, NULL),
(1318, 25, NULL),
(1319, 25, NULL),
(1320, 25, NULL),
(1321, 25, NULL),
(1322, 25, NULL),
(1323, 25, NULL),
(1324, 25, NULL),
(1325, 25, NULL),
(1326, 25, NULL),
(1327, 25, NULL),
(1328, 25, NULL),
(1329, 25, NULL),
(1330, 25, NULL),
(1331, 25, NULL),
(1332, 25, NULL),
(1333, 25, NULL),
(1334, 25, NULL),
(1335, 25, NULL),
(1336, 25, NULL),
(1337, 25, NULL),
(1338, 25, NULL),
(1339, 25, NULL),
(1340, 25, NULL),
(1341, 25, NULL),
(1342, 25, NULL),
(1343, 25, NULL),
(1344, 25, NULL),
(1345, 25, NULL),
(1346, 25, NULL),
(1347, 25, NULL),
(1348, 25, NULL),
(1349, 25, NULL),
(1350, 25, NULL),
(1351, 25, NULL),
(1352, 25, NULL),
(1353, 25, NULL),
(1354, 25, NULL),
(1355, 25, NULL),
(1356, 25, NULL),
(1357, 25, NULL),
(1358, 25, NULL),
(1359, 25, NULL),
(1360, 25, NULL),
(1361, 25, NULL),
(1362, 25, NULL),
(1363, 25, NULL),
(1364, 25, NULL),
(1365, 25, NULL),
(1366, 25, NULL),
(1367, 25, NULL),
(1368, 25, NULL),
(1369, 25, NULL),
(1370, 25, NULL),
(1371, 25, NULL),
(1372, 25, NULL),
(1373, 25, NULL),
(1374, 25, NULL),
(1375, 25, NULL),
(1376, 25, NULL),
(1377, 25, NULL),
(1378, 25, NULL),
(1379, 25, NULL),
(1380, 25, NULL),
(1381, 25, NULL),
(1382, 25, NULL),
(1383, 25, NULL),
(1384, 25, NULL),
(1385, 25, NULL),
(1386, 25, NULL),
(1387, 25, NULL),
(1388, 25, NULL),
(1389, 25, NULL),
(1390, 25, NULL),
(1391, 25, NULL),
(1392, 25, NULL),
(1393, 25, NULL),
(1394, 25, NULL),
(1395, 25, NULL),
(1396, 25, NULL),
(1397, 25, NULL),
(1398, 25, NULL),
(1399, 25, NULL),
(1400, 25, NULL),
(1401, 25, NULL),
(1402, 25, NULL),
(1403, 25, NULL),
(1404, 25, NULL),
(1405, 25, NULL),
(1406, 25, NULL),
(1407, 25, NULL),
(1408, 25, NULL),
(1409, 25, NULL),
(1410, 25, NULL),
(1411, 25, NULL),
(1412, 25, NULL),
(1413, 25, NULL),
(1414, 25, NULL),
(1415, 25, NULL),
(1416, 25, NULL),
(1417, 25, NULL),
(1418, 25, NULL),
(1419, 25, NULL),
(1420, 25, NULL),
(1421, 25, NULL),
(1422, 25, NULL),
(1423, 25, NULL),
(1424, 25, NULL),
(1425, 25, NULL),
(1426, 25, NULL),
(1427, 25, NULL),
(1428, 25, NULL),
(1429, 25, NULL),
(1430, 25, NULL),
(1431, 25, NULL),
(1432, 25, NULL),
(1433, 25, NULL),
(1434, 25, NULL),
(1435, 25, NULL),
(1436, 25, NULL),
(1437, 25, NULL),
(1438, 25, NULL),
(1439, 25, NULL),
(1440, 25, NULL),
(1441, 25, NULL),
(1442, 25, NULL),
(1443, 25, NULL),
(1444, 25, NULL),
(1445, 25, NULL),
(1446, 25, NULL),
(1447, 25, NULL),
(1448, 25, NULL),
(1449, 25, NULL),
(1450, 25, NULL),
(1451, 25, NULL),
(1452, 25, NULL),
(1453, 25, NULL),
(1454, 25, NULL),
(1455, 25, NULL),
(1456, 25, NULL),
(1457, 25, NULL),
(1458, 25, NULL),
(1459, 25, NULL),
(1460, 25, NULL),
(1461, 25, NULL),
(1462, 25, NULL),
(1463, 25, NULL),
(1464, 25, NULL),
(1465, 25, NULL),
(1466, 25, NULL),
(1467, 25, NULL),
(1468, 25, NULL),
(1469, 25, NULL),
(1470, 25, NULL),
(1471, 25, NULL),
(1472, 25, NULL),
(1473, 25, NULL),
(1474, 25, NULL),
(1475, 25, NULL),
(1476, 25, NULL),
(1477, 25, NULL),
(1478, 25, NULL),
(1479, 25, NULL),
(1480, 25, NULL),
(1481, 25, NULL),
(1482, 25, NULL),
(1483, 25, NULL),
(1484, 25, NULL),
(1485, 25, NULL),
(1486, 25, NULL),
(1487, 25, NULL),
(1488, 25, NULL),
(1489, 25, NULL),
(1490, 25, NULL),
(1491, 25, NULL),
(1492, 25, NULL),
(1493, 25, NULL),
(1494, 25, NULL),
(1495, 25, NULL),
(1496, 25, NULL),
(1497, 25, NULL),
(1498, 25, NULL),
(1499, 25, NULL),
(1500, 25, NULL),
(1501, 25, NULL),
(1502, 25, NULL),
(1503, 25, NULL),
(1504, 25, NULL),
(1505, 25, NULL),
(1506, 25, NULL),
(1507, 25, NULL),
(1508, 25, NULL),
(1509, 25, NULL),
(1510, 25, NULL),
(1511, 25, NULL),
(1512, 25, NULL),
(1513, 25, NULL),
(1514, 25, NULL),
(1515, 25, NULL),
(1516, 25, NULL),
(1517, 25, NULL),
(1518, 25, NULL),
(1519, 25, NULL),
(1520, 25, NULL),
(1521, 25, NULL),
(1522, 25, NULL),
(1523, 25, NULL),
(1524, 25, NULL),
(1525, 25, NULL),
(1526, 25, NULL),
(1527, 25, NULL),
(1528, 25, NULL),
(1529, 25, NULL),
(1530, 25, NULL),
(1531, 25, NULL),
(1532, 25, NULL),
(1533, 25, NULL),
(1534, 25, NULL),
(1535, 25, NULL),
(1536, 25, NULL),
(1537, 25, NULL),
(1538, 25, NULL),
(1539, 25, NULL),
(1540, 25, NULL),
(1541, 25, NULL),
(1542, 25, NULL),
(1543, 25, NULL),
(1544, 25, NULL),
(1545, 25, NULL),
(1546, 25, NULL),
(1547, 25, NULL),
(1548, 25, NULL),
(1549, 25, NULL),
(1550, 25, NULL),
(1551, 25, NULL),
(1552, 25, NULL),
(1553, 25, NULL),
(1554, 25, NULL),
(1555, 25, NULL),
(1556, 25, NULL),
(1557, 25, NULL),
(1558, 25, NULL),
(1559, 25, NULL),
(1560, 25, NULL),
(1561, 25, NULL),
(1562, 25, NULL),
(1563, 25, NULL),
(1564, 25, NULL),
(1565, 25, NULL),
(1566, 25, NULL),
(1567, 25, NULL),
(1568, 25, NULL),
(1569, 25, NULL),
(1570, 25, NULL),
(1571, 25, NULL),
(1572, 25, NULL),
(1573, 25, NULL),
(1574, 25, NULL),
(1575, 25, NULL),
(1576, 25, NULL),
(1577, 25, NULL),
(1578, 25, NULL),
(1579, 25, NULL),
(1580, 25, NULL),
(1581, 25, NULL),
(1582, 25, NULL),
(1583, 25, NULL),
(1584, 25, NULL),
(1585, 25, NULL),
(1586, 25, NULL),
(1587, 25, NULL),
(1588, 25, NULL),
(1589, 25, NULL),
(1590, 25, NULL),
(1591, 25, NULL),
(1592, 25, NULL),
(1593, 25, NULL),
(1594, 25, NULL),
(1595, 25, NULL),
(1596, 25, NULL),
(1597, 25, NULL),
(1598, 25, NULL),
(1599, 25, NULL),
(1600, 25, NULL),
(1601, 25, NULL),
(1602, 25, NULL),
(1603, 25, NULL),
(1604, 25, NULL),
(1605, 25, NULL),
(1606, 25, NULL),
(1607, 25, NULL),
(1608, 25, NULL),
(1609, 25, NULL),
(1610, 25, NULL),
(1611, 25, NULL),
(1612, 25, NULL),
(1613, 25, NULL),
(1614, 25, NULL),
(1615, 25, NULL),
(1616, 25, NULL),
(1617, 25, NULL),
(1618, 25, NULL),
(1619, 25, NULL),
(1620, 25, NULL),
(1621, 25, NULL),
(1622, 25, NULL),
(1623, 25, NULL),
(1624, 25, NULL),
(1625, 25, NULL),
(1626, 25, NULL),
(1627, 25, NULL),
(1628, 25, NULL),
(1629, 25, NULL),
(1630, 25, NULL),
(1631, 25, NULL),
(1632, 25, NULL),
(1633, 25, NULL),
(1634, 25, NULL),
(1635, 25, NULL),
(1636, 25, NULL),
(1637, 25, NULL),
(1638, 25, NULL),
(1639, 25, NULL),
(1640, 25, NULL),
(1641, 25, NULL),
(1642, 25, NULL),
(1643, 25, NULL),
(1644, 25, NULL),
(1645, 25, NULL),
(1646, 25, NULL),
(1647, 25, NULL),
(1648, 25, NULL),
(1649, 25, NULL),
(1650, 25, NULL),
(1651, 25, NULL),
(1652, 25, NULL),
(1653, 25, NULL),
(1654, 25, NULL),
(1655, 25, NULL),
(1656, 25, NULL),
(1657, 25, NULL),
(1658, 25, NULL),
(1659, 25, NULL),
(1660, 25, NULL),
(1661, 25, NULL),
(1662, 25, NULL),
(1663, 25, NULL),
(1664, 25, NULL),
(1665, 25, NULL),
(1666, 25, NULL),
(1667, 25, NULL),
(1668, 25, NULL),
(1669, 25, NULL),
(1670, 25, NULL),
(1671, 25, NULL),
(1672, 25, NULL),
(1673, 25, NULL),
(1674, 25, NULL),
(1675, 25, NULL),
(1676, 25, NULL),
(1677, 25, NULL),
(1678, 25, NULL),
(1679, 25, NULL),
(1680, 25, NULL),
(1681, 25, NULL),
(1682, 25, NULL),
(1683, 25, NULL),
(1684, 25, NULL),
(1685, 25, NULL),
(1686, 25, NULL),
(1687, 25, NULL),
(1688, 25, NULL),
(1689, 25, NULL),
(1690, 25, NULL),
(1691, 25, NULL),
(1692, 25, NULL),
(1693, 25, NULL),
(1694, 25, NULL),
(1695, 25, NULL),
(1696, 25, NULL),
(1697, 25, NULL),
(1698, 25, NULL),
(1699, 25, NULL),
(1700, 25, NULL),
(1701, 25, NULL),
(1702, 25, NULL),
(1703, 25, NULL),
(1704, 25, NULL),
(1705, 25, NULL),
(1706, 25, NULL),
(1707, 25, NULL),
(1708, 25, NULL),
(1709, 25, NULL),
(1710, 25, NULL),
(1711, 25, NULL),
(1712, 25, NULL),
(1713, 25, NULL),
(1714, 25, NULL),
(1715, 25, NULL),
(1716, 25, NULL),
(1717, 25, NULL),
(1718, 25, NULL),
(1719, 25, NULL),
(1720, 25, NULL),
(1721, 25, NULL),
(1722, 25, NULL),
(1723, 25, NULL),
(1724, 25, NULL),
(1725, 25, NULL),
(1726, 25, NULL),
(1727, 25, NULL),
(1728, 25, NULL),
(1729, 25, NULL),
(1730, 25, NULL),
(1731, 25, NULL),
(1732, 25, NULL),
(1733, 25, NULL),
(1734, 25, NULL),
(1735, 25, NULL),
(1736, 25, NULL),
(1737, 25, NULL),
(1738, 25, NULL),
(1739, 25, NULL),
(1740, 25, NULL),
(1741, 25, NULL),
(1742, 25, NULL),
(1743, 25, NULL),
(1744, 25, NULL),
(1745, 25, NULL),
(1746, 25, NULL),
(1747, 25, NULL),
(1748, 25, NULL),
(1749, 25, NULL),
(1750, 25, NULL),
(1751, 25, NULL),
(1752, 25, NULL),
(1753, 25, NULL),
(1754, 25, NULL),
(1755, 25, NULL),
(1756, 25, NULL),
(1757, 25, NULL),
(1758, 25, NULL),
(1759, 25, NULL),
(1760, 25, NULL),
(1761, 25, NULL),
(1762, 25, NULL),
(1763, 25, NULL),
(1764, 25, NULL),
(1765, 25, NULL),
(1766, 25, NULL),
(1767, 25, NULL),
(1768, 25, NULL),
(1769, 25, NULL),
(1770, 25, NULL),
(1771, 25, NULL),
(1772, 25, NULL),
(1773, 25, NULL),
(1774, 25, NULL),
(1775, 25, NULL),
(1776, 25, NULL),
(1777, 25, NULL),
(1778, 25, NULL),
(1779, 25, NULL),
(1780, 25, NULL),
(1781, 25, NULL),
(1782, 25, NULL),
(1783, 25, NULL),
(1784, 25, NULL),
(1785, 25, NULL),
(1786, 25, NULL),
(1787, 25, NULL),
(1788, 25, NULL),
(1789, 25, NULL),
(1790, 25, NULL),
(1791, 25, NULL),
(1792, 25, NULL),
(1793, 25, NULL),
(1794, 25, NULL),
(1795, 25, NULL),
(1796, 25, NULL),
(1797, 25, NULL),
(1798, 25, NULL),
(1799, 25, NULL),
(1800, 25, NULL),
(1801, 25, NULL),
(1802, 25, NULL),
(1803, 25, NULL),
(1804, 25, NULL),
(1805, 25, NULL),
(1806, 25, NULL),
(1807, 25, NULL),
(1808, 25, NULL),
(1809, 25, NULL),
(1810, 25, NULL),
(1811, 25, NULL),
(1812, 25, NULL),
(1813, 25, NULL),
(1814, 25, NULL),
(1815, 25, NULL),
(1816, 25, NULL),
(1817, 25, NULL),
(1818, 25, NULL),
(1819, 25, NULL),
(1820, 25, NULL),
(1821, 25, NULL),
(1822, 25, NULL),
(1823, 25, NULL),
(1824, 25, NULL),
(1825, 25, NULL),
(1826, 25, NULL),
(1827, 25, NULL),
(1828, 25, NULL),
(1829, 25, NULL),
(1830, 25, NULL),
(1831, 25, NULL),
(1832, 25, NULL),
(1833, 25, NULL),
(1834, 25, NULL),
(1835, 25, NULL),
(1836, 25, NULL),
(1837, 25, NULL),
(1838, 25, NULL),
(1839, 25, NULL),
(1840, 25, NULL),
(1841, 25, NULL),
(1842, 25, NULL),
(1843, 25, NULL),
(1844, 25, NULL),
(1845, 25, NULL),
(1846, 25, NULL),
(1847, 25, NULL),
(1848, 25, NULL),
(1849, 25, NULL),
(1850, 25, NULL),
(1851, 25, NULL),
(1852, 25, NULL),
(1853, 25, NULL),
(1854, 25, NULL),
(1855, 25, NULL),
(1856, 25, NULL),
(1857, 25, NULL),
(1858, 25, NULL),
(1859, 25, NULL),
(1860, 25, NULL),
(1861, 25, NULL),
(1862, 25, NULL),
(1863, 25, NULL),
(1864, 25, NULL),
(1865, 25, NULL),
(1866, 25, NULL),
(1867, 25, NULL),
(1868, 25, NULL),
(1869, 25, NULL),
(1870, 25, NULL),
(1871, 25, NULL),
(1872, 25, NULL),
(1873, 25, NULL),
(1874, 25, NULL),
(1875, 25, NULL),
(1876, 25, NULL),
(1877, 25, NULL),
(1878, 25, NULL),
(1879, 25, NULL),
(1880, 25, NULL),
(1881, 25, NULL),
(1882, 25, NULL),
(1883, 25, NULL),
(1884, 25, NULL),
(1885, 25, NULL),
(1886, 25, NULL),
(1887, 25, NULL),
(1888, 25, NULL),
(1889, 25, NULL),
(1890, 25, NULL),
(1891, 25, NULL),
(1892, 25, NULL),
(1893, 25, NULL),
(1894, 25, NULL),
(1895, 25, NULL),
(1896, 25, NULL),
(1897, 25, NULL),
(1898, 25, NULL),
(1899, 25, NULL),
(1900, 25, NULL),
(1901, 25, NULL),
(1902, 25, NULL),
(1903, 25, NULL),
(1904, 25, NULL),
(1905, 25, NULL),
(1906, 25, NULL),
(1907, 25, NULL),
(1908, 25, NULL),
(1909, 25, NULL),
(1910, 25, NULL),
(1911, 25, NULL),
(1912, 25, NULL),
(1913, 25, NULL),
(1914, 25, NULL),
(1915, 25, NULL),
(1916, 25, NULL),
(1917, 25, NULL),
(1918, 25, NULL),
(1919, 25, NULL),
(1920, 25, NULL),
(1921, 25, NULL),
(1922, 25, NULL),
(1923, 25, NULL),
(1924, 25, NULL),
(1925, 25, NULL),
(1926, 25, NULL),
(1927, 25, NULL),
(1928, 25, NULL),
(1929, 25, NULL),
(1930, 25, NULL),
(1931, 25, NULL),
(1932, 25, NULL),
(1933, 25, NULL),
(1934, 25, NULL),
(1935, 25, NULL),
(1936, 25, NULL),
(1937, 25, NULL),
(1938, 25, NULL),
(1939, 25, NULL),
(1940, 25, NULL),
(1941, 25, NULL),
(1942, 25, NULL),
(1943, 25, NULL),
(1944, 25, NULL),
(1945, 25, NULL),
(1946, 25, NULL),
(1947, 25, NULL),
(1948, 25, NULL),
(1949, 25, NULL),
(1950, 25, NULL),
(1951, 25, NULL),
(1952, 25, NULL),
(1953, 25, NULL),
(1954, 25, NULL),
(1955, 25, NULL),
(1956, 25, NULL),
(1957, 25, NULL),
(1958, 25, NULL),
(1959, 25, NULL),
(1960, 25, NULL),
(1961, 25, NULL),
(1962, 25, NULL),
(1963, 25, NULL),
(1964, 25, NULL),
(1965, 25, NULL),
(1966, 25, NULL),
(1967, 25, NULL),
(1968, 25, NULL),
(1969, 25, NULL),
(1970, 25, NULL),
(1971, 25, NULL),
(1972, 25, NULL),
(1973, 25, NULL),
(1974, 25, NULL),
(1975, 25, NULL),
(1976, 25, NULL),
(1977, 25, NULL),
(1978, 25, NULL),
(1979, 25, NULL),
(1980, 25, NULL),
(1981, 25, NULL),
(1982, 25, NULL),
(1983, 25, NULL),
(1984, 25, NULL),
(1985, 25, NULL),
(1986, 25, NULL),
(1987, 25, NULL),
(1988, 25, NULL),
(1989, 25, NULL),
(1990, 25, NULL),
(1991, 25, NULL),
(1992, 25, NULL),
(1993, 25, NULL),
(1994, 25, NULL),
(1995, 25, NULL),
(1996, 25, NULL),
(1997, 25, NULL),
(1998, 25, NULL),
(1999, 25, NULL),
(2000, 25, NULL),
(2001, 25, NULL),
(2002, 25, NULL),
(2003, 25, NULL),
(2004, 26, NULL),
(2005, 26, NULL),
(2006, 27, NULL),
(2007, 27, NULL),
(2008, 28, NULL),
(2009, 28, NULL),
(2010, 28, NULL),
(2011, 28, NULL),
(2012, 28, NULL),
(2013, 28, NULL),
(2014, 28, NULL),
(2015, 28, NULL),
(2016, 28, NULL),
(2017, 28, NULL),
(2018, 28, NULL),
(2019, 28, NULL),
(2020, 28, NULL),
(2021, 28, NULL),
(2022, 28, NULL),
(2023, 28, NULL),
(2024, 28, NULL),
(2025, 28, NULL),
(2026, 28, NULL),
(2027, 28, NULL),
(2028, 28, NULL),
(2029, 28, NULL),
(2030, 28, NULL),
(2031, 28, NULL),
(2032, 28, NULL),
(2033, 28, NULL),
(2034, 28, NULL),
(2035, 28, NULL),
(2036, 28, NULL),
(2037, 28, NULL),
(2038, 28, NULL),
(2039, 28, NULL),
(2040, 28, NULL),
(2041, 28, NULL),
(2042, 28, NULL),
(2043, 28, NULL),
(2044, 28, NULL),
(2045, 28, NULL),
(2046, 28, NULL),
(2047, 28, NULL),
(2048, 28, NULL),
(2049, 28, NULL),
(2050, 28, NULL),
(2051, 28, NULL),
(2052, 28, NULL),
(2053, 28, NULL),
(2054, 28, NULL),
(2055, 28, NULL),
(2056, 28, NULL),
(2057, 28, NULL),
(2058, 28, NULL),
(2059, 28, NULL),
(2060, 28, NULL),
(2061, 28, NULL),
(2062, 28, NULL),
(2063, 28, NULL),
(2064, 28, NULL),
(2065, 28, NULL),
(2066, 28, NULL),
(2067, 28, NULL),
(2068, 28, NULL),
(2069, 28, NULL),
(2070, 28, NULL),
(2071, 28, NULL),
(2072, 28, NULL),
(2073, 28, NULL),
(2074, 28, NULL),
(2075, 28, NULL),
(2076, 28, NULL),
(2077, 28, NULL),
(2078, 28, NULL),
(2079, 28, NULL),
(2080, 28, NULL),
(2081, 28, NULL),
(2082, 28, NULL),
(2083, 28, NULL),
(2084, 28, NULL),
(2085, 28, NULL),
(2086, 28, NULL),
(2087, 28, NULL),
(2088, 28, NULL),
(2089, 28, NULL),
(2090, 28, NULL),
(2091, 28, NULL),
(2092, 28, NULL),
(2093, 28, NULL),
(2094, 28, NULL),
(2095, 28, NULL),
(2096, 28, NULL),
(2097, 28, NULL),
(2098, 28, NULL),
(2099, 28, NULL),
(2100, 28, NULL),
(2101, 28, NULL),
(2102, 28, NULL),
(2103, 28, NULL),
(2104, 28, NULL),
(2105, 28, NULL),
(2106, 28, NULL),
(2107, 28, NULL),
(2108, 28, NULL),
(2109, 28, NULL),
(2110, 28, NULL),
(2111, 28, NULL),
(2112, 28, NULL),
(2113, 28, NULL),
(2114, 28, NULL),
(2115, 28, NULL),
(2116, 28, NULL),
(2117, 28, NULL),
(2118, 28, NULL),
(2119, 28, NULL),
(2120, 28, NULL),
(2121, 28, NULL),
(2122, 28, NULL),
(2123, 28, NULL),
(2124, 28, NULL),
(2125, 28, NULL),
(2126, 28, NULL),
(2127, 28, NULL),
(2128, 28, NULL),
(2129, 28, NULL),
(2130, 28, NULL),
(2131, 28, NULL),
(2132, 28, NULL),
(2133, 28, NULL),
(2134, 28, NULL),
(2135, 28, NULL),
(2136, 28, NULL),
(2137, 28, NULL),
(2138, 28, NULL),
(2139, 28, NULL),
(2140, 28, NULL),
(2141, 28, NULL),
(2142, 28, NULL),
(2143, 28, NULL),
(2144, 28, NULL),
(2145, 28, NULL),
(2146, 28, NULL),
(2147, 28, NULL),
(2148, 28, NULL),
(2149, 28, NULL),
(2150, 28, NULL),
(2151, 28, NULL),
(2152, 28, NULL),
(2153, 28, NULL),
(2154, 28, NULL),
(2155, 28, NULL),
(2156, 28, NULL),
(2157, 28, NULL),
(2158, 28, NULL),
(2159, 28, NULL),
(2160, 28, NULL),
(2161, 28, NULL),
(2162, 28, NULL),
(2163, 28, NULL),
(2164, 28, NULL),
(2165, 28, NULL),
(2166, 28, NULL),
(2167, 28, NULL),
(2168, 28, NULL),
(2169, 28, NULL),
(2170, 28, NULL),
(2171, 28, NULL),
(2172, 28, NULL),
(2173, 28, NULL),
(2174, 28, NULL),
(2175, 28, NULL),
(2176, 28, NULL),
(2177, 28, NULL),
(2178, 28, NULL),
(2179, 28, NULL),
(2180, 28, NULL),
(2181, 28, NULL),
(2182, 28, NULL),
(2183, 28, NULL),
(2184, 28, NULL),
(2185, 28, NULL),
(2186, 28, NULL),
(2187, 28, NULL),
(2188, 28, NULL),
(2189, 28, NULL),
(2190, 28, NULL),
(2191, 28, NULL),
(2192, 28, NULL),
(2193, 28, NULL),
(2194, 28, NULL),
(2195, 28, NULL),
(2196, 28, NULL),
(2197, 28, NULL),
(2198, 28, NULL),
(2199, 28, NULL),
(2200, 28, NULL),
(2201, 28, NULL),
(2202, 28, NULL),
(2203, 28, NULL),
(2204, 28, NULL),
(2205, 28, NULL),
(2206, 28, NULL),
(2207, 28, NULL),
(2208, 28, NULL),
(2209, 28, NULL),
(2210, 28, NULL),
(2211, 28, NULL),
(2212, 28, NULL),
(2213, 28, NULL),
(2214, 28, NULL),
(2215, 28, NULL),
(2216, 28, NULL),
(2217, 28, NULL),
(2218, 28, NULL),
(2219, 28, NULL),
(2220, 28, NULL),
(2221, 28, NULL),
(2222, 28, NULL),
(2223, 28, NULL),
(2224, 28, NULL),
(2225, 28, NULL),
(2226, 28, NULL),
(2227, 28, NULL),
(2228, 28, NULL),
(2229, 28, NULL),
(2230, 28, NULL),
(2231, 28, NULL),
(2232, 28, NULL),
(2233, 28, NULL),
(2234, 28, NULL),
(2235, 28, NULL),
(2236, 28, NULL),
(2237, 28, NULL),
(2238, 28, NULL),
(2239, 28, NULL),
(2240, 28, NULL),
(2241, 28, NULL),
(2242, 28, NULL),
(2243, 28, NULL),
(2244, 28, NULL),
(2245, 28, NULL),
(2246, 28, NULL),
(2247, 28, NULL),
(2248, 28, NULL),
(2249, 28, NULL),
(2250, 28, NULL),
(2251, 28, NULL),
(2252, 28, NULL),
(2253, 28, NULL),
(2254, 28, NULL),
(2255, 28, NULL),
(2256, 28, NULL),
(2257, 28, NULL),
(2258, 28, NULL),
(2259, 28, NULL),
(2260, 28, NULL),
(2261, 28, NULL),
(2262, 28, NULL),
(2263, 28, NULL),
(2264, 28, NULL),
(2265, 28, NULL),
(2266, 28, NULL),
(2267, 28, NULL),
(2268, 28, NULL),
(2269, 28, NULL),
(2270, 28, NULL),
(2271, 28, NULL),
(2272, 28, NULL),
(2273, 28, NULL),
(2274, 28, NULL),
(2275, 28, NULL),
(2276, 28, NULL),
(2277, 28, NULL),
(2278, 28, NULL),
(2279, 28, NULL),
(2280, 28, NULL),
(2281, 28, NULL),
(2282, 28, NULL),
(2283, 28, NULL),
(2284, 28, NULL),
(2285, 28, NULL),
(2286, 28, NULL),
(2287, 28, NULL),
(2288, 28, NULL),
(2289, 28, NULL),
(2290, 28, NULL),
(2291, 28, NULL),
(2292, 28, NULL),
(2293, 28, NULL),
(2294, 28, NULL),
(2295, 28, NULL),
(2296, 28, NULL),
(2297, 28, NULL),
(2298, 28, NULL),
(2299, 28, NULL),
(2300, 28, NULL),
(2301, 28, NULL),
(2302, 28, NULL),
(2303, 28, NULL),
(2304, 28, NULL),
(2305, 28, NULL),
(2306, 28, NULL),
(2307, 28, NULL),
(2308, 28, NULL),
(2309, 28, NULL),
(2310, 28, NULL),
(2311, 28, NULL),
(2312, 28, NULL),
(2313, 28, NULL),
(2314, 28, NULL),
(2315, 28, NULL),
(2316, 28, NULL),
(2317, 28, NULL),
(2318, 28, NULL),
(2319, 28, NULL),
(2320, 28, NULL),
(2321, 28, NULL),
(2322, 28, NULL),
(2323, 28, NULL),
(2324, 28, NULL),
(2325, 28, NULL),
(2326, 28, NULL),
(2327, 28, NULL),
(2328, 28, NULL),
(2329, 28, NULL),
(2330, 28, NULL),
(2331, 28, NULL),
(2332, 28, NULL),
(2333, 28, NULL),
(2334, 28, NULL),
(2335, 28, NULL),
(2336, 28, NULL),
(2337, 28, NULL),
(2338, 28, NULL),
(2339, 28, NULL),
(2340, 28, NULL),
(2341, 28, NULL),
(2342, 28, NULL),
(2343, 28, NULL),
(2344, 28, NULL),
(2345, 28, NULL),
(2346, 28, NULL),
(2347, 28, NULL),
(2348, 28, NULL),
(2349, 28, NULL),
(2350, 28, NULL),
(2351, 28, NULL),
(2352, 28, NULL),
(2353, 28, NULL),
(2354, 28, NULL),
(2355, 28, NULL),
(2356, 28, NULL),
(2357, 28, NULL),
(2358, 28, NULL),
(2359, 28, NULL),
(2360, 28, NULL),
(2361, 28, NULL),
(2362, 28, NULL),
(2363, 28, NULL),
(2364, 28, NULL),
(2365, 28, NULL),
(2366, 28, NULL),
(2367, 28, NULL),
(2368, 28, NULL),
(2369, 28, NULL),
(2370, 28, NULL),
(2371, 28, NULL),
(2372, 28, NULL),
(2373, 28, NULL),
(2374, 28, NULL),
(2375, 28, NULL),
(2376, 28, NULL),
(2377, 28, NULL),
(2378, 28, NULL),
(2379, 28, NULL),
(2380, 28, NULL),
(2381, 28, NULL),
(2382, 28, NULL),
(2383, 28, NULL),
(2384, 28, NULL),
(2385, 28, NULL),
(2386, 28, NULL),
(2387, 28, NULL),
(2388, 28, NULL),
(2389, 28, NULL),
(2390, 28, NULL),
(2391, 28, NULL),
(2392, 28, NULL),
(2393, 28, NULL),
(2394, 28, NULL),
(2395, 28, NULL),
(2396, 28, NULL),
(2397, 28, NULL),
(2398, 28, NULL),
(2399, 28, NULL),
(2400, 28, NULL),
(2401, 28, NULL),
(2402, 28, NULL),
(2403, 28, NULL),
(2404, 28, NULL),
(2405, 28, NULL),
(2406, 28, NULL),
(2407, 28, NULL),
(2408, 28, NULL),
(2409, 28, NULL),
(2410, 28, NULL),
(2411, 28, NULL),
(2412, 28, NULL),
(2413, 28, NULL),
(2414, 28, NULL),
(2415, 28, NULL),
(2416, 28, NULL),
(2417, 28, NULL),
(2418, 28, NULL),
(2419, 28, NULL),
(2420, 28, NULL),
(2421, 28, NULL),
(2422, 28, NULL),
(2423, 28, NULL),
(2424, 28, NULL),
(2425, 28, NULL),
(2426, 28, NULL),
(2427, 28, NULL),
(2428, 28, NULL),
(2429, 28, NULL),
(2430, 28, NULL),
(2431, 28, NULL),
(2432, 28, NULL),
(2433, 28, NULL),
(2434, 28, NULL),
(2435, 28, NULL),
(2436, 28, NULL),
(2437, 28, NULL),
(2438, 28, NULL),
(2439, 28, NULL),
(2440, 28, NULL),
(2441, 28, NULL),
(2442, 28, NULL),
(2443, 28, NULL),
(2444, 28, NULL),
(2445, 28, NULL),
(2446, 28, NULL),
(2447, 28, NULL),
(2448, 28, NULL),
(2449, 28, NULL),
(2450, 28, NULL),
(2451, 28, NULL),
(2452, 28, NULL),
(2453, 28, NULL),
(2454, 28, NULL),
(2455, 28, NULL),
(2456, 28, NULL),
(2457, 28, NULL),
(2458, 28, NULL),
(2459, 28, NULL),
(2460, 28, NULL),
(2461, 28, NULL),
(2462, 28, NULL),
(2463, 28, NULL),
(2464, 28, NULL),
(2465, 28, NULL),
(2466, 28, NULL),
(2467, 28, NULL),
(2468, 28, NULL),
(2469, 28, NULL),
(2470, 28, NULL),
(2471, 28, NULL),
(2472, 28, NULL),
(2473, 28, NULL),
(2474, 28, NULL),
(2475, 28, NULL),
(2476, 28, NULL),
(2477, 28, NULL),
(2478, 28, NULL),
(2479, 28, NULL),
(2480, 28, NULL),
(2481, 28, NULL),
(2482, 28, NULL),
(2483, 28, NULL),
(2484, 28, NULL),
(2485, 28, NULL),
(2486, 28, NULL),
(2487, 28, NULL),
(2488, 28, NULL),
(2489, 28, NULL),
(2490, 28, NULL),
(2491, 28, NULL),
(2492, 28, NULL),
(2493, 28, NULL),
(2494, 28, NULL),
(2495, 28, NULL),
(2496, 28, NULL),
(2497, 28, NULL),
(2498, 28, NULL),
(2499, 28, NULL),
(2500, 28, NULL),
(2501, 28, NULL),
(2502, 28, NULL),
(2503, 28, NULL),
(2504, 28, NULL),
(2505, 28, NULL),
(2506, 28, NULL),
(2507, 28, NULL),
(2508, 28, NULL),
(2509, 28, NULL),
(2510, 28, NULL),
(2511, 28, NULL),
(2512, 28, NULL),
(2513, 28, NULL),
(2514, 28, NULL),
(2515, 28, NULL),
(2516, 28, NULL),
(2517, 28, NULL),
(2518, 28, NULL),
(2519, 28, NULL),
(2520, 28, NULL),
(2521, 28, NULL),
(2522, 28, NULL),
(2523, 28, NULL),
(2524, 28, NULL),
(2525, 28, NULL),
(2526, 28, NULL),
(2527, 28, NULL),
(2528, 28, NULL),
(2529, 28, NULL),
(2530, 28, NULL),
(2531, 28, NULL),
(2532, 28, NULL),
(2533, 28, NULL),
(2534, 28, NULL),
(2535, 28, NULL),
(2536, 28, NULL),
(2537, 28, NULL),
(2538, 28, NULL),
(2539, 28, NULL),
(2540, 28, NULL),
(2541, 29, NULL),
(2542, 29, NULL),
(2543, 29, NULL),
(2544, 29, NULL),
(2545, 29, NULL),
(2546, 29, NULL),
(2547, 29, NULL),
(2548, 29, NULL),
(2549, 29, NULL),
(2550, 29, NULL),
(2551, 29, NULL),
(2552, 29, NULL),
(2553, 29, NULL),
(2554, 29, NULL),
(2555, 29, NULL),
(2556, 29, NULL),
(2557, 29, NULL),
(2558, 29, NULL),
(2559, 29, NULL),
(2560, 29, NULL),
(2561, 29, NULL),
(2562, 29, NULL),
(2563, 29, NULL),
(2564, 29, NULL),
(2565, 29, NULL),
(2566, 29, NULL),
(2567, 29, NULL),
(2568, 29, NULL),
(2569, 29, NULL),
(2570, 29, NULL),
(2571, 29, NULL),
(2572, 29, NULL),
(2573, 29, NULL),
(2574, 29, NULL),
(2575, 29, NULL),
(2576, 29, NULL),
(2577, 29, NULL),
(2578, 29, NULL),
(2579, 29, NULL),
(2580, 29, NULL),
(2581, 29, NULL),
(2582, 29, NULL),
(2583, 29, NULL),
(2584, 29, NULL),
(2585, 29, NULL),
(2586, 29, NULL),
(2587, 29, NULL),
(2588, 29, NULL),
(2589, 29, NULL),
(2590, 29, NULL),
(2591, 29, NULL),
(2592, 29, NULL),
(2593, 29, NULL),
(2594, 29, NULL),
(2595, 29, NULL),
(2596, 29, NULL),
(2597, 29, NULL),
(2598, 29, NULL),
(2599, 29, NULL),
(2600, 29, NULL),
(2601, 29, NULL),
(2602, 29, NULL),
(2603, 29, NULL),
(2604, 29, NULL),
(2605, 29, NULL),
(2606, 29, NULL),
(2607, 29, NULL),
(2608, 29, NULL),
(2609, 29, NULL),
(2610, 29, NULL),
(2611, 29, NULL),
(2612, 29, NULL),
(2613, 29, NULL),
(2614, 29, NULL),
(2615, 29, NULL),
(2616, 29, NULL),
(2617, 29, NULL),
(2618, 29, NULL),
(2619, 29, NULL),
(2620, 29, NULL),
(2621, 29, NULL),
(2622, 29, NULL),
(2623, 29, NULL),
(2624, 29, NULL),
(2625, 29, NULL),
(2626, 29, NULL),
(2627, 29, NULL),
(2628, 29, NULL),
(2629, 29, NULL),
(2630, 29, NULL),
(2631, 29, NULL),
(2632, 29, NULL),
(2633, 29, NULL),
(2634, 29, NULL),
(2635, 29, NULL),
(2636, 29, NULL),
(2637, 29, NULL),
(2638, 29, NULL),
(2639, 29, NULL),
(2640, 29, NULL),
(2641, 29, NULL),
(2642, 29, NULL),
(2643, 29, NULL),
(2644, 29, NULL),
(2645, 29, NULL),
(2646, 29, NULL),
(2647, 29, NULL),
(2648, 29, NULL),
(2649, 29, NULL),
(2650, 29, NULL),
(2651, 29, NULL),
(2652, 29, NULL),
(2653, 29, NULL),
(2654, 29, NULL),
(2655, 29, NULL),
(2656, 29, NULL),
(2657, 29, NULL),
(2658, 29, NULL),
(2659, 29, NULL),
(2660, 29, NULL),
(2661, 29, NULL),
(2662, 29, NULL),
(2663, 29, NULL),
(2664, 29, NULL),
(2665, 29, NULL),
(2666, 29, NULL),
(2667, 29, NULL),
(2668, 29, NULL),
(2669, 29, NULL),
(2670, 29, NULL),
(2671, 29, NULL),
(2672, 29, NULL),
(2673, 29, NULL),
(2674, 29, NULL),
(2675, 29, NULL),
(2676, 29, NULL),
(2677, 29, NULL),
(2678, 29, NULL),
(2679, 29, NULL),
(2680, 29, NULL),
(2681, 29, NULL),
(2682, 29, NULL),
(2683, 29, NULL),
(2684, 29, NULL),
(2685, 29, NULL),
(2686, 29, NULL),
(2687, 29, NULL),
(2688, 29, NULL),
(2689, 29, NULL),
(2690, 29, NULL),
(2691, 29, NULL),
(2692, 29, NULL),
(2693, 29, NULL),
(2694, 29, NULL),
(2695, 29, NULL),
(2696, 29, NULL),
(2697, 29, NULL),
(2698, 29, NULL),
(2699, 29, NULL),
(2700, 29, NULL),
(2701, 29, NULL),
(2702, 29, NULL),
(2703, 29, NULL),
(2704, 29, NULL),
(2705, 29, NULL),
(2706, 29, NULL),
(2707, 29, NULL),
(2708, 29, NULL),
(2709, 29, NULL),
(2710, 29, NULL),
(2711, 29, NULL),
(2712, 29, NULL),
(2713, 29, NULL),
(2714, 29, NULL),
(2715, 29, NULL),
(2716, 29, NULL),
(2717, 29, NULL),
(2718, 29, NULL),
(2719, 29, NULL),
(2720, 29, NULL),
(2721, 29, NULL),
(2722, 29, NULL),
(2723, 29, NULL),
(2724, 29, NULL),
(2725, 29, NULL),
(2726, 29, NULL),
(2727, 29, NULL),
(2728, 29, NULL),
(2729, 29, NULL),
(2730, 29, NULL),
(2731, 29, NULL),
(2732, 29, NULL),
(2733, 29, NULL),
(2734, 29, NULL),
(2735, 29, NULL),
(2736, 29, NULL),
(2737, 29, NULL),
(2738, 29, NULL),
(2739, 29, NULL),
(2740, 29, NULL),
(2741, 29, NULL),
(2742, 29, NULL),
(2743, 29, NULL),
(2744, 29, NULL),
(2745, 29, NULL),
(2746, 29, NULL),
(2747, 29, NULL),
(2748, 29, NULL),
(2749, 29, NULL),
(2750, 29, NULL),
(2751, 29, NULL),
(2752, 29, NULL),
(2753, 29, NULL),
(2754, 29, NULL),
(2755, 29, NULL),
(2756, 29, NULL),
(2757, 29, NULL),
(2758, 29, NULL),
(2759, 29, NULL),
(2760, 29, NULL),
(2761, 29, NULL),
(2762, 29, NULL),
(2763, 29, NULL),
(2764, 29, NULL),
(2765, 29, NULL),
(2766, 29, NULL),
(2767, 29, NULL),
(2768, 29, NULL),
(2769, 29, NULL),
(2770, 29, NULL),
(2771, 29, NULL),
(2772, 29, NULL),
(2773, 29, NULL),
(2774, 29, NULL),
(2775, 29, NULL),
(2776, 29, NULL),
(2777, 29, NULL),
(2778, 29, NULL),
(2779, 29, NULL),
(2780, 29, NULL),
(2781, 29, NULL),
(2782, 29, NULL),
(2783, 29, NULL),
(2784, 29, NULL),
(2785, 29, NULL),
(2786, 29, NULL),
(2787, 29, NULL),
(2788, 29, NULL),
(2789, 29, NULL),
(2790, 29, NULL),
(2791, 29, NULL),
(2792, 29, NULL),
(2793, 29, NULL),
(2794, 29, NULL),
(2795, 29, NULL),
(2796, 29, NULL),
(2797, 29, NULL),
(2798, 29, NULL),
(2799, 29, NULL),
(2800, 29, NULL),
(2801, 29, NULL),
(2802, 29, NULL),
(2803, 29, NULL),
(2804, 29, NULL),
(2805, 29, NULL),
(2806, 29, NULL),
(2807, 29, NULL),
(2808, 29, NULL),
(2809, 29, NULL),
(2810, 29, NULL),
(2811, 29, NULL),
(2812, 29, NULL),
(2813, 29, NULL),
(2814, 29, NULL),
(2815, 29, NULL),
(2816, 29, NULL),
(2817, 29, NULL),
(2818, 29, NULL),
(2819, 29, NULL),
(2820, 29, NULL),
(2821, 29, NULL),
(2822, 29, NULL),
(2823, 29, NULL),
(2824, 29, NULL),
(2825, 29, NULL),
(2826, 29, NULL),
(2827, 29, NULL),
(2828, 29, NULL),
(2829, 29, NULL),
(2830, 29, NULL),
(2831, 29, NULL),
(2832, 29, NULL),
(2833, 29, NULL),
(2834, 29, NULL),
(2835, 29, NULL),
(2836, 29, NULL),
(2837, 29, NULL),
(2838, 29, NULL),
(2839, 29, NULL),
(2840, 29, NULL),
(2841, 29, NULL),
(2842, 29, NULL),
(2843, 29, NULL),
(2844, 29, NULL),
(2845, 29, NULL),
(2846, 29, NULL),
(2847, 29, NULL),
(2848, 29, NULL),
(2849, 29, NULL),
(2850, 29, NULL),
(2851, 29, NULL),
(2852, 29, NULL),
(2853, 29, NULL),
(2854, 29, NULL),
(2855, 29, NULL),
(2856, 29, NULL),
(2857, 29, NULL),
(2858, 29, NULL),
(2859, 29, NULL),
(2860, 29, NULL),
(2861, 29, NULL),
(2862, 29, NULL),
(2863, 29, NULL),
(2864, 29, NULL),
(2865, 29, NULL),
(2866, 29, NULL),
(2867, 29, NULL),
(2868, 29, NULL),
(2869, 29, NULL),
(2870, 29, NULL),
(2871, 29, NULL),
(2872, 29, NULL),
(2873, 29, NULL),
(2874, 29, NULL),
(2875, 29, NULL),
(2876, 29, NULL),
(2877, 29, NULL),
(2878, 29, NULL),
(2879, 29, NULL),
(2880, 29, NULL),
(2881, 29, NULL),
(2882, 29, NULL),
(2883, 29, NULL),
(2884, 29, NULL),
(2885, 29, NULL),
(2886, 29, NULL),
(2887, 29, NULL),
(2888, 29, NULL),
(2889, 29, NULL),
(2890, 29, NULL),
(2891, 29, NULL),
(2892, 29, NULL),
(2893, 29, NULL),
(2894, 29, NULL),
(2895, 29, NULL),
(2896, 29, NULL),
(2897, 29, NULL),
(2898, 29, NULL),
(2899, 29, NULL),
(2900, 29, NULL),
(2901, 29, NULL),
(2902, 29, NULL),
(2903, 29, NULL),
(2904, 29, NULL),
(2905, 29, NULL),
(2906, 29, NULL),
(2907, 29, NULL),
(2908, 29, NULL),
(2909, 29, NULL),
(2910, 29, NULL),
(2911, 29, NULL),
(2912, 29, NULL),
(2913, 29, NULL),
(2914, 29, NULL),
(2915, 29, NULL),
(2916, 29, NULL),
(2917, 29, NULL),
(2918, 29, NULL),
(2919, 29, NULL),
(2920, 29, NULL),
(2921, 29, NULL),
(2922, 29, NULL),
(2923, 29, NULL),
(2924, 29, NULL),
(2925, 29, NULL),
(2926, 29, NULL),
(2927, 29, NULL),
(2928, 29, NULL),
(2929, 29, NULL),
(2930, 29, NULL),
(2931, 29, NULL),
(2932, 29, NULL),
(2933, 29, NULL),
(2934, 29, NULL),
(2935, 29, NULL),
(2936, 29, NULL),
(2937, 29, NULL),
(2938, 29, NULL),
(2939, 29, NULL),
(2940, 29, NULL),
(2941, 29, NULL),
(2942, 29, NULL),
(2943, 29, NULL),
(2944, 29, NULL),
(2945, 29, NULL),
(2946, 29, NULL),
(2947, 29, NULL),
(2948, 29, NULL),
(2949, 29, NULL),
(2950, 29, NULL),
(2951, 29, NULL),
(2952, 29, NULL),
(2953, 29, NULL),
(2954, 29, NULL),
(2955, 29, NULL),
(2956, 29, NULL),
(2957, 29, NULL),
(2958, 29, NULL),
(2959, 29, NULL),
(2960, 29, NULL),
(2961, 29, NULL),
(2962, 29, NULL),
(2963, 29, NULL),
(2964, 29, NULL),
(2965, 29, NULL),
(2966, 29, NULL),
(2967, 29, NULL),
(2968, 29, NULL),
(2969, 29, NULL),
(2970, 29, NULL),
(2971, 29, NULL),
(2972, 29, NULL),
(2973, 29, NULL),
(2974, 29, NULL),
(2975, 29, NULL),
(2976, 29, NULL),
(2977, 29, NULL),
(2978, 29, NULL),
(2979, 29, NULL),
(2980, 29, NULL),
(2981, 29, NULL),
(2982, 29, NULL),
(2983, 29, NULL),
(2984, 29, NULL),
(2985, 29, NULL),
(2986, 29, NULL),
(2987, 29, NULL),
(2988, 29, NULL),
(2989, 29, NULL),
(2990, 29, NULL),
(2991, 29, NULL),
(2992, 29, NULL),
(2993, 29, NULL),
(2994, 29, NULL),
(2995, 29, NULL),
(2996, 29, NULL),
(2997, 29, NULL),
(2998, 29, NULL),
(2999, 29, NULL),
(3000, 29, NULL),
(3001, 29, NULL),
(3002, 29, NULL),
(3003, 29, NULL),
(3004, 29, NULL),
(3005, 29, NULL),
(3006, 29, NULL),
(3007, 29, NULL),
(3008, 29, NULL),
(3009, 29, NULL),
(3010, 29, NULL),
(3011, 29, NULL),
(3012, 29, NULL),
(3013, 29, NULL),
(3014, 29, NULL),
(3015, 29, NULL),
(3016, 29, NULL),
(3017, 29, NULL),
(3018, 29, NULL),
(3019, 29, NULL),
(3020, 29, NULL),
(3021, 29, NULL),
(3022, 29, NULL),
(3023, 29, NULL),
(3024, 29, NULL),
(3025, 29, NULL),
(3026, 29, NULL),
(3027, 29, NULL),
(3028, 29, NULL),
(3029, 29, NULL),
(3030, 29, NULL),
(3031, 29, NULL),
(3032, 29, NULL),
(3033, 29, NULL),
(3034, 29, NULL),
(3035, 29, NULL),
(3036, 29, NULL),
(3037, 29, NULL),
(3038, 29, NULL),
(3039, 29, NULL),
(3040, 29, NULL),
(3041, 29, NULL),
(3042, 29, NULL),
(3043, 29, NULL),
(3044, 29, NULL),
(3045, 29, NULL),
(3046, 29, NULL),
(3047, 29, NULL),
(3048, 29, NULL),
(3049, 29, NULL),
(3050, 29, NULL),
(3051, 29, NULL),
(3052, 29, NULL),
(3053, 29, NULL),
(3054, 29, NULL),
(3055, 29, NULL),
(3056, 30, NULL),
(3057, 30, NULL),
(3058, 30, NULL),
(3059, 30, NULL),
(3060, 30, NULL),
(3061, 30, NULL),
(3062, 30, NULL),
(3063, 30, NULL),
(3064, 30, NULL),
(3065, 30, NULL),
(3066, 30, NULL),
(3067, 30, NULL),
(3068, 30, NULL),
(3069, 30, NULL),
(3070, 30, NULL),
(3071, 30, NULL),
(3072, 30, NULL),
(3073, 30, NULL),
(3074, 30, NULL),
(3075, 30, NULL),
(3076, 30, NULL),
(3077, 30, NULL),
(3078, 30, NULL),
(3079, 30, NULL),
(3080, 30, NULL),
(3081, 30, NULL),
(3082, 30, NULL),
(3083, 30, NULL),
(3084, 30, NULL),
(3085, 30, NULL),
(3086, 30, NULL),
(3087, 30, NULL),
(3088, 30, NULL),
(3089, 31, NULL),
(3090, 31, NULL),
(3091, 31, NULL),
(3092, 31, NULL),
(3093, 31, NULL),
(3094, 31, NULL),
(3095, 31, NULL),
(3096, 31, NULL),
(3097, 31, NULL),
(3098, 31, NULL),
(3099, 31, NULL),
(3100, 31, NULL),
(3101, 31, NULL),
(3102, 31, NULL),
(3103, 31, NULL),
(3104, 31, NULL),
(3105, 31, NULL),
(3106, 31, NULL),
(3107, 31, NULL),
(3108, 31, NULL),
(3109, 31, NULL),
(3110, 31, NULL),
(3111, 31, NULL),
(3112, 31, NULL),
(3113, 31, NULL),
(3114, 31, NULL),
(3115, 31, NULL),
(3116, 31, NULL),
(3117, 31, NULL),
(3118, 31, NULL),
(3119, 31, NULL),
(3120, 31, NULL),
(3121, 31, NULL),
(3122, 31, NULL),
(3123, 31, NULL),
(3124, 31, NULL),
(3125, 31, NULL),
(3126, 31, NULL),
(3127, 31, NULL),
(3128, 31, NULL),
(3129, 31, NULL),
(3130, 31, NULL),
(3131, 31, NULL),
(3132, 31, NULL),
(3133, 31, NULL),
(3134, 31, NULL),
(3135, 31, NULL),
(3136, 31, NULL),
(3137, 31, NULL),
(3138, 31, NULL),
(3139, 31, NULL),
(3140, 31, NULL),
(3141, 31, NULL),
(3142, 31, NULL),
(3143, 31, NULL),
(3144, 31, NULL),
(3145, 31, NULL),
(3146, 31, NULL),
(3147, 31, NULL),
(3148, 31, NULL),
(3149, 31, NULL),
(3150, 31, NULL),
(3151, 31, NULL),
(3152, 31, NULL),
(3153, 31, NULL),
(3154, 31, NULL),
(3155, 31, NULL),
(3156, 31, NULL),
(3157, 31, NULL),
(3158, 31, NULL),
(3159, 31, NULL),
(3160, 31, NULL),
(3161, 31, NULL),
(3162, 31, NULL),
(3163, 31, NULL),
(3164, 31, NULL),
(3165, 31, NULL),
(3166, 31, NULL),
(3167, 31, NULL),
(3168, 31, NULL),
(3169, 31, NULL),
(3170, 31, NULL),
(3171, 31, NULL),
(3172, 31, NULL),
(3173, 31, NULL),
(3174, 31, NULL),
(3175, 31, NULL),
(3176, 31, NULL),
(3177, 31, NULL),
(3178, 31, NULL),
(3179, 31, NULL),
(3180, 31, NULL),
(3181, 31, NULL),
(3182, 31, NULL),
(3183, 31, NULL),
(3184, 31, NULL),
(3185, 31, NULL);
INSERT INTO `modules` (`id`, `course_id`, `module_name`) VALUES
(3186, 31, NULL),
(3187, 31, NULL),
(3188, 31, NULL),
(3189, 31, NULL),
(3190, 31, NULL),
(3191, 31, NULL),
(3192, 31, NULL),
(3193, 31, NULL),
(3194, 31, NULL),
(3195, 31, NULL),
(3196, 31, NULL),
(3197, 31, NULL),
(3198, 31, NULL),
(3199, 31, NULL),
(3200, 31, NULL),
(3201, 31, NULL),
(3202, 31, NULL),
(3203, 31, NULL),
(3204, 31, NULL),
(3205, 31, NULL),
(3206, 31, NULL),
(3207, 31, NULL),
(3208, 31, NULL),
(3209, 31, NULL),
(3210, 31, NULL),
(3211, 31, NULL),
(3212, 31, NULL),
(3213, 31, NULL),
(3214, 31, NULL),
(3215, 31, NULL),
(3216, 31, NULL),
(3217, 31, NULL),
(3218, 31, NULL),
(3219, 31, NULL),
(3220, 31, NULL),
(3221, 31, NULL),
(3222, 31, NULL),
(3223, 31, NULL),
(3224, 31, NULL),
(3225, 31, NULL),
(3226, 31, NULL),
(3227, 31, NULL),
(3228, 31, NULL),
(3229, 31, NULL),
(3230, 31, NULL),
(3231, 31, NULL),
(3232, 31, NULL),
(3233, 31, NULL),
(3234, 31, NULL),
(3235, 31, NULL),
(3236, 31, NULL),
(3237, 31, NULL),
(3238, 31, NULL),
(3239, 31, NULL),
(3240, 31, NULL),
(3241, 31, NULL),
(3242, 31, NULL),
(3243, 31, NULL),
(3244, 31, NULL),
(3245, 31, NULL),
(3246, 31, NULL),
(3247, 31, NULL),
(3248, 31, NULL),
(3249, 31, NULL),
(3250, 31, NULL),
(3251, 31, NULL),
(3252, 31, NULL),
(3253, 31, NULL),
(3254, 31, NULL),
(3255, 31, NULL),
(3256, 31, NULL),
(3257, 31, NULL),
(3258, 31, NULL),
(3259, 31, NULL),
(3260, 31, NULL),
(3261, 31, NULL),
(3262, 31, NULL),
(3263, 31, NULL),
(3264, 31, NULL),
(3265, 31, NULL),
(3266, 31, NULL),
(3267, 31, NULL),
(3268, 31, NULL),
(3269, 31, NULL),
(3270, 31, NULL),
(3271, 31, NULL),
(3272, 31, NULL),
(3273, 31, NULL),
(3274, 31, NULL),
(3275, 31, NULL),
(3276, 31, NULL),
(3277, 31, NULL),
(3278, 31, NULL),
(3279, 31, NULL),
(3280, 31, NULL),
(3281, 31, NULL),
(3282, 31, NULL),
(3283, 31, NULL),
(3284, 31, NULL),
(3285, 31, NULL),
(3286, 31, NULL),
(3287, 31, NULL),
(3288, 31, NULL),
(3289, 31, NULL),
(3290, 31, NULL),
(3291, 31, NULL),
(3292, 31, NULL),
(3293, 31, NULL),
(3294, 31, NULL),
(3295, 31, NULL),
(3296, 31, NULL),
(3297, 31, NULL),
(3298, 31, NULL),
(3299, 31, NULL),
(3300, 31, NULL),
(3301, 31, NULL),
(3302, 31, NULL),
(3303, 31, NULL),
(3304, 31, NULL),
(3305, 31, NULL),
(3306, 31, NULL),
(3307, 31, NULL),
(3308, 31, NULL),
(3309, 31, NULL),
(3310, 31, NULL),
(3311, 31, NULL),
(3312, 31, NULL),
(3313, 31, NULL),
(3314, 31, NULL),
(3315, 31, NULL),
(3316, 31, NULL),
(3317, 31, NULL),
(3318, 31, NULL),
(3319, 31, NULL),
(3320, 31, NULL),
(3321, 31, NULL),
(3322, 31, NULL),
(3323, 31, NULL),
(3324, 31, NULL),
(3325, 31, NULL),
(3326, 31, NULL),
(3327, 31, NULL),
(3328, 31, NULL),
(3329, 31, NULL),
(3330, 31, NULL),
(3331, 31, NULL),
(3332, 31, NULL),
(3333, 31, NULL),
(3334, 31, NULL),
(3335, 31, NULL),
(3336, 31, NULL),
(3337, 31, NULL),
(3338, 31, NULL),
(3339, 31, NULL),
(3340, 31, NULL),
(3341, 31, NULL),
(3342, 31, NULL),
(3343, 31, NULL),
(3344, 31, NULL),
(3345, 31, NULL),
(3346, 31, NULL),
(3347, 31, NULL),
(3348, 31, NULL),
(3349, 31, NULL),
(3350, 31, NULL),
(3351, 31, NULL),
(3352, 31, NULL),
(3353, 31, NULL),
(3354, 31, NULL),
(3355, 31, NULL),
(3356, 31, NULL),
(3357, 31, NULL),
(3358, 31, NULL),
(3359, 31, NULL),
(3360, 31, NULL),
(3361, 31, NULL),
(3362, 31, NULL),
(3363, 31, NULL),
(3364, 31, NULL),
(3365, 31, NULL),
(3366, 31, NULL),
(3367, 31, NULL),
(3368, 31, NULL),
(3369, 31, NULL),
(3370, 31, NULL),
(3371, 31, NULL),
(3372, 31, NULL),
(3373, 31, NULL),
(3374, 31, NULL),
(3375, 31, NULL),
(3376, 31, NULL),
(3377, 31, NULL),
(3378, 31, NULL),
(3379, 31, NULL),
(3380, 31, NULL),
(3381, 31, NULL),
(3382, 31, NULL),
(3383, 31, NULL),
(3384, 31, NULL),
(3385, 31, NULL),
(3386, 31, NULL),
(3387, 31, NULL),
(3388, 31, NULL),
(3389, 31, NULL),
(3390, 31, NULL),
(3391, 31, NULL),
(3392, 31, NULL),
(3393, 31, NULL),
(3394, 31, NULL),
(3395, 31, NULL),
(3396, 31, NULL),
(3397, 31, NULL),
(3398, 31, NULL),
(3399, 31, NULL),
(3400, 31, NULL),
(3401, 31, NULL),
(3402, 31, NULL),
(3403, 31, NULL),
(3404, 31, NULL),
(3405, 31, NULL),
(3406, 31, NULL),
(3407, 31, NULL),
(3408, 31, NULL),
(3409, 31, NULL),
(3410, 31, NULL),
(3411, 31, NULL),
(3412, 31, NULL),
(3413, 31, NULL),
(3414, 31, NULL),
(3415, 31, NULL),
(3416, 31, NULL),
(3417, 31, NULL),
(3418, 31, NULL),
(3419, 31, NULL),
(3420, 31, NULL),
(3421, 31, NULL),
(3422, 31, NULL),
(3423, 31, NULL),
(3424, 31, NULL),
(3425, 31, NULL),
(3426, 31, NULL),
(3427, 31, NULL),
(3428, 31, NULL),
(3429, 31, NULL),
(3430, 31, NULL),
(3431, 31, NULL),
(3432, 31, NULL),
(3433, 31, NULL),
(3434, 31, NULL),
(3435, 31, NULL),
(3436, 31, NULL),
(3437, 31, NULL),
(3438, 31, NULL),
(3439, 31, NULL),
(3440, 31, NULL),
(3441, 31, NULL),
(3442, 31, NULL),
(3443, 31, NULL),
(3444, 31, NULL),
(3445, 31, NULL),
(3446, 31, NULL),
(3447, 31, NULL),
(3448, 31, NULL),
(3449, 31, NULL),
(3450, 31, NULL),
(3451, 31, NULL),
(3452, 31, NULL),
(3453, 31, NULL),
(3454, 31, NULL),
(3455, 31, NULL),
(3456, 31, NULL),
(3457, 31, NULL),
(3458, 31, NULL),
(3459, 31, NULL),
(3460, 31, NULL),
(3461, 31, NULL),
(3462, 31, NULL),
(3463, 31, NULL),
(3464, 31, NULL),
(3465, 31, NULL),
(3466, 31, NULL),
(3467, 31, NULL),
(3468, 31, NULL),
(3469, 31, NULL),
(3470, 31, NULL),
(3471, 31, NULL),
(3472, 31, NULL),
(3473, 31, NULL),
(3474, 31, NULL),
(3475, 31, NULL),
(3476, 31, NULL),
(3477, 31, NULL),
(3478, 31, NULL),
(3479, 31, NULL),
(3480, 31, NULL),
(3481, 31, NULL),
(3482, 31, NULL),
(3483, 31, NULL),
(3484, 31, NULL),
(3485, 31, NULL),
(3486, 31, NULL),
(3487, 31, NULL),
(3488, 31, NULL),
(3489, 31, NULL),
(3490, 31, NULL),
(3491, 31, NULL),
(3492, 31, NULL),
(3493, 31, NULL),
(3494, 31, NULL),
(3495, 31, NULL),
(3496, 31, NULL),
(3497, 31, NULL),
(3498, 31, NULL),
(3499, 31, NULL),
(3500, 31, NULL),
(3501, 31, NULL),
(3502, 31, NULL),
(3503, 31, NULL),
(3504, 31, NULL),
(3505, 31, NULL),
(3506, 31, NULL),
(3507, 31, NULL),
(3508, 31, NULL),
(3509, 31, NULL),
(3510, 31, NULL),
(3511, 31, NULL),
(3512, 31, NULL),
(3513, 31, NULL),
(3514, 31, NULL),
(3515, 31, NULL),
(3516, 31, NULL),
(3517, 31, NULL),
(3518, 31, NULL),
(3519, 31, NULL),
(3520, 31, NULL),
(3521, 31, NULL),
(3522, 31, NULL),
(3523, 31, NULL),
(3524, 31, NULL),
(3525, 31, NULL),
(3526, 31, NULL),
(3527, 31, NULL),
(3528, 31, NULL),
(3529, 31, NULL),
(3530, 31, NULL),
(3531, 31, NULL),
(3532, 31, NULL),
(3533, 31, NULL),
(3534, 31, NULL),
(3535, 31, NULL),
(3536, 31, NULL),
(3537, 31, NULL),
(3538, 31, NULL),
(3539, 31, NULL),
(3540, 31, NULL),
(3541, 31, NULL),
(3542, 31, NULL),
(3543, 31, NULL),
(3544, 31, NULL),
(3545, 31, NULL),
(3546, 31, NULL),
(3547, 31, NULL),
(3548, 31, NULL),
(3549, 31, NULL),
(3550, 31, NULL),
(3551, 31, NULL),
(3552, 31, NULL),
(3553, 31, NULL),
(3554, 31, NULL),
(3555, 31, NULL),
(3556, 31, NULL),
(3557, 31, NULL),
(3558, 31, NULL),
(3559, 31, NULL),
(3560, 31, NULL),
(3561, 31, NULL),
(3562, 31, NULL),
(3563, 31, NULL),
(3564, 31, NULL),
(3565, 31, NULL),
(3566, 31, NULL),
(3567, 31, NULL),
(3568, 31, NULL),
(3569, 31, NULL),
(3570, 31, NULL),
(3571, 31, NULL),
(3572, 31, NULL),
(3573, 31, NULL),
(3574, 31, NULL),
(3575, 31, NULL),
(3576, 31, NULL),
(3577, 31, NULL),
(3578, 31, NULL),
(3579, 31, NULL),
(3580, 31, NULL),
(3581, 31, NULL),
(3582, 31, NULL),
(3583, 31, NULL),
(3584, 31, NULL),
(3585, 31, NULL),
(3586, 31, NULL),
(3587, 31, NULL),
(3588, 31, NULL),
(3589, 31, NULL),
(3590, 31, NULL),
(3591, 31, NULL),
(3592, 31, NULL),
(3593, 31, NULL),
(3594, 31, NULL),
(3595, 31, NULL),
(3596, 31, NULL),
(3597, 31, NULL),
(3598, 31, NULL),
(3599, 31, NULL),
(3600, 31, NULL),
(3601, 31, NULL),
(3602, 31, NULL),
(3603, 31, NULL),
(3604, 31, NULL),
(3605, 31, NULL),
(3606, 31, NULL),
(3607, 31, NULL),
(3608, 31, NULL),
(3609, 31, NULL),
(3610, 31, NULL),
(3611, 31, NULL),
(3612, 31, NULL),
(3613, 31, NULL),
(3614, 31, NULL),
(3615, 31, NULL),
(3616, 31, NULL),
(3617, 31, NULL),
(3618, 31, NULL),
(3619, 31, NULL),
(3620, 31, NULL),
(3621, 31, NULL),
(3622, 31, NULL),
(3623, 31, NULL),
(3624, 31, NULL),
(3625, 31, NULL),
(3626, 31, NULL),
(3627, 31, NULL),
(3628, 31, NULL),
(3629, 31, NULL),
(3630, 31, NULL),
(3631, 31, NULL),
(3632, 31, NULL),
(3633, 31, NULL),
(3634, 31, NULL),
(3635, 31, NULL),
(3636, 31, NULL),
(3637, 31, NULL),
(3638, 31, NULL),
(3639, 31, NULL),
(3640, 31, NULL),
(3641, 31, NULL),
(3642, 31, NULL),
(3643, 31, NULL),
(3644, 31, NULL),
(3645, 31, NULL),
(3646, 31, NULL),
(3647, 31, NULL),
(3648, 31, NULL),
(3649, 31, NULL),
(3650, 31, NULL),
(3651, 31, NULL),
(3652, 31, NULL),
(3653, 31, NULL),
(3654, 31, NULL),
(3655, 31, NULL),
(3656, 31, NULL),
(3657, 31, NULL),
(3658, 31, NULL),
(3659, 31, NULL),
(3660, 31, NULL),
(3661, 31, NULL),
(3662, 31, NULL),
(3663, 31, NULL),
(3664, 31, NULL),
(3665, 31, NULL),
(3666, 31, NULL),
(3667, 31, NULL),
(3668, 31, NULL),
(3669, 32, NULL),
(3670, 32, NULL),
(3671, 32, NULL),
(3672, 32, NULL),
(3673, 32, NULL),
(3674, 32, NULL),
(3675, 32, NULL),
(3676, 32, NULL),
(3677, 32, NULL),
(3678, 32, NULL),
(3679, 32, NULL),
(3680, 32, NULL),
(3681, 32, NULL),
(3682, 32, NULL),
(3683, 32, NULL),
(3684, 32, NULL),
(3685, 32, NULL),
(3686, 32, NULL),
(3687, 32, NULL),
(3688, 32, NULL),
(3689, 32, NULL),
(3690, 32, NULL),
(3691, 32, NULL),
(3692, 32, NULL),
(3693, 32, NULL),
(3694, 32, NULL),
(3695, 32, NULL),
(3696, 32, NULL),
(3697, 32, NULL),
(3698, 32, NULL),
(3699, 32, NULL),
(3700, 32, NULL),
(3701, 32, NULL),
(3702, 32, NULL),
(3703, 32, NULL),
(3704, 32, NULL),
(3705, 32, NULL),
(3706, 32, NULL),
(3707, 32, NULL),
(3708, 32, NULL),
(3709, 32, NULL),
(3710, 32, NULL),
(3711, 32, NULL),
(3712, 32, NULL),
(3713, 32, NULL),
(3714, 32, NULL),
(3715, 32, NULL),
(3716, 32, NULL),
(3717, 32, NULL),
(3718, 32, NULL),
(3719, 32, NULL),
(3720, 32, NULL),
(3721, 32, NULL),
(3722, 32, NULL),
(3723, 32, NULL),
(3724, 32, NULL),
(3725, 32, NULL),
(3726, 32, NULL),
(3727, 32, NULL),
(3728, 32, NULL),
(3729, 32, NULL),
(3730, 32, NULL),
(3731, 32, NULL),
(3732, 32, NULL),
(3733, 32, NULL),
(3734, 32, NULL),
(3735, 32, NULL),
(3736, 32, NULL),
(3737, 32, NULL),
(3738, 32, NULL),
(3739, 32, NULL),
(3740, 32, NULL),
(3741, 32, NULL),
(3742, 32, NULL),
(3743, 32, NULL),
(3744, 32, NULL),
(3745, 32, NULL),
(3746, 32, NULL),
(3747, 32, NULL),
(3748, 32, NULL),
(3749, 32, NULL),
(3750, 32, NULL),
(3751, 32, NULL),
(3752, 32, NULL),
(3753, 32, NULL),
(3754, 32, NULL),
(3755, 32, NULL),
(3756, 32, NULL),
(3757, 32, NULL),
(3758, 32, NULL),
(3759, 32, NULL),
(3760, 32, NULL),
(3761, 32, NULL),
(3762, 32, NULL),
(3763, 32, NULL),
(3764, 32, NULL),
(3765, 32, NULL),
(3766, 32, NULL),
(3767, 32, NULL),
(3768, 32, NULL),
(3769, 32, NULL),
(3770, 32, NULL),
(3771, 32, NULL),
(3772, 32, NULL),
(3773, 32, NULL),
(3774, 32, NULL),
(3775, 32, NULL),
(3776, 32, NULL),
(3777, 32, NULL),
(3778, 32, NULL),
(3779, 32, NULL),
(3780, 32, NULL),
(3781, 32, NULL),
(3782, 32, NULL),
(3783, 32, NULL),
(3784, 32, NULL),
(3785, 32, NULL),
(3786, 32, NULL),
(3787, 32, NULL),
(3788, 32, NULL),
(3789, 32, NULL),
(3790, 32, NULL),
(3791, 32, NULL),
(3792, 32, NULL),
(3793, 32, NULL),
(3794, 32, NULL),
(3795, 32, NULL),
(3796, 32, NULL),
(3797, 32, NULL),
(3798, 32, NULL),
(3799, 32, NULL),
(3800, 32, NULL),
(3801, 32, NULL),
(3802, 32, NULL),
(3803, 32, NULL),
(3804, 32, NULL),
(3805, 32, NULL),
(3806, 32, NULL),
(3807, 32, NULL),
(3808, 32, NULL),
(3809, 32, NULL),
(3810, 32, NULL),
(3811, 32, NULL),
(3812, 32, NULL),
(3813, 32, NULL),
(3814, 32, NULL),
(3815, 32, NULL),
(3816, 32, NULL),
(3817, 32, NULL),
(3818, 32, NULL),
(3819, 32, NULL),
(3820, 32, NULL),
(3821, 32, NULL),
(3822, 32, NULL),
(3823, 32, NULL),
(3824, 32, NULL),
(3825, 32, NULL),
(3826, 32, NULL),
(3827, 32, NULL),
(3828, 32, NULL),
(3829, 32, NULL),
(3830, 32, NULL),
(3831, 32, NULL),
(3832, 32, NULL),
(3833, 32, NULL),
(3834, 32, NULL),
(3835, 32, NULL),
(3836, 32, NULL),
(3837, 32, NULL),
(3838, 32, NULL),
(3839, 32, NULL),
(3840, 32, NULL),
(3841, 32, NULL),
(3842, 32, NULL),
(3843, 32, NULL),
(3844, 32, NULL),
(3845, 32, NULL),
(3846, 32, NULL),
(3847, 32, NULL),
(3848, 32, NULL),
(3849, 32, NULL),
(3850, 32, NULL),
(3851, 32, NULL),
(3852, 32, NULL),
(3853, 32, NULL),
(3854, 32, NULL),
(3855, 32, NULL),
(3856, 32, NULL),
(3857, 32, NULL),
(3858, 32, NULL),
(3859, 32, NULL),
(3860, 32, NULL),
(3861, 32, NULL),
(3862, 32, NULL),
(3863, 32, NULL),
(3864, 32, NULL),
(3865, 32, NULL),
(3866, 32, NULL),
(3867, 32, NULL),
(3868, 32, NULL),
(3869, 32, NULL),
(3870, 32, NULL),
(3871, 32, NULL),
(3872, 32, NULL),
(3873, 32, NULL),
(3874, 32, NULL),
(3875, 32, NULL),
(3876, 32, NULL),
(3877, 32, NULL),
(3878, 32, NULL),
(3879, 32, NULL),
(3880, 32, NULL),
(3881, 32, NULL),
(3882, 32, NULL),
(3883, 32, NULL),
(3884, 32, NULL),
(3885, 32, NULL),
(3886, 32, NULL),
(3887, 32, NULL),
(3888, 32, NULL),
(3889, 32, NULL),
(3890, 32, NULL),
(3891, 32, NULL),
(3892, 32, NULL),
(3893, 32, NULL),
(3894, 32, NULL),
(3895, 32, NULL),
(3896, 32, NULL),
(3897, 32, NULL),
(3898, 32, NULL),
(3899, 32, NULL),
(3900, 32, NULL),
(3901, 32, NULL),
(3902, 32, NULL),
(3903, 32, NULL),
(3904, 32, NULL),
(3905, 32, NULL),
(3906, 32, NULL),
(3907, 32, NULL),
(3908, 32, NULL),
(3909, 32, NULL),
(3910, 32, NULL),
(3911, 32, NULL),
(3912, 32, NULL),
(3913, 32, NULL),
(3914, 32, NULL),
(3915, 32, NULL),
(3916, 32, NULL),
(3917, 32, NULL),
(3918, 32, NULL),
(3919, 32, NULL),
(3920, 32, NULL),
(3921, 32, NULL),
(3922, 32, NULL),
(3923, 32, NULL),
(3924, 32, NULL),
(3925, 32, NULL),
(3926, 32, NULL),
(3927, 32, NULL),
(3928, 32, NULL),
(3929, 32, NULL),
(3930, 32, NULL),
(3931, 32, NULL),
(3932, 32, NULL),
(3933, 32, NULL),
(3934, 32, NULL),
(3935, 32, NULL),
(3936, 32, NULL),
(3937, 32, NULL),
(3938, 32, NULL),
(3939, 32, NULL),
(3940, 32, NULL),
(3941, 32, NULL),
(3942, 32, NULL),
(3943, 32, NULL),
(3944, 33, NULL),
(3945, 33, NULL),
(3946, 33, NULL),
(3947, 33, NULL),
(3948, 33, NULL),
(3949, 33, NULL),
(3950, 33, NULL),
(3951, 33, NULL),
(3952, 33, NULL),
(3953, 33, NULL),
(3954, 33, NULL),
(3955, 33, NULL),
(3956, 33, NULL),
(3957, 33, NULL),
(3958, 33, NULL),
(3959, 33, NULL),
(3960, 33, NULL),
(3961, 33, NULL),
(3962, 33, NULL),
(3963, 33, NULL),
(3964, 33, NULL),
(3965, 33, NULL),
(3966, 33, NULL),
(3967, 33, NULL),
(3968, 33, NULL),
(3969, 33, NULL),
(3970, 33, NULL),
(3971, 33, NULL),
(3972, 33, NULL),
(3973, 33, NULL),
(3974, 33, NULL),
(3975, 33, NULL),
(3976, 33, NULL),
(3977, 33, NULL),
(3978, 33, NULL),
(3979, 33, NULL),
(3980, 33, NULL),
(3981, 33, NULL),
(3982, 33, NULL),
(3983, 33, NULL),
(3984, 33, NULL),
(3985, 33, NULL),
(3986, 33, NULL),
(3987, 33, NULL),
(3988, 33, NULL),
(3989, 33, NULL),
(3990, 33, NULL),
(3991, 33, NULL),
(3992, 33, NULL),
(3993, 33, NULL),
(3994, 33, NULL),
(3995, 33, NULL),
(3996, 33, NULL),
(3997, 33, NULL),
(3998, 33, NULL),
(3999, 33, NULL),
(4000, 33, NULL),
(4001, 33, NULL),
(4002, 33, NULL),
(4003, 33, NULL),
(4004, 33, NULL),
(4005, 33, NULL),
(4006, 33, NULL),
(4007, 33, NULL),
(4008, 33, NULL),
(4009, 33, NULL),
(4010, 33, NULL),
(4011, 33, NULL),
(4012, 33, NULL),
(4013, 33, NULL),
(4014, 33, NULL),
(4015, 33, NULL),
(4016, 33, NULL),
(4017, 33, NULL),
(4018, 33, NULL),
(4019, 33, NULL),
(4020, 33, NULL),
(4021, 33, NULL),
(4022, 33, NULL),
(4023, 33, NULL),
(4024, 33, NULL),
(4025, 33, NULL),
(4026, 33, NULL),
(4027, 33, NULL),
(4028, 33, NULL),
(4029, 33, NULL),
(4030, 33, NULL),
(4031, 33, NULL),
(4032, 33, NULL),
(4033, 33, NULL),
(4034, 33, NULL),
(4035, 33, NULL),
(4036, 33, NULL),
(4037, 33, NULL),
(4038, 33, NULL),
(4039, 33, NULL),
(4040, 33, NULL),
(4041, 33, NULL),
(4042, 33, NULL),
(4043, 33, NULL),
(4044, 33, NULL),
(4045, 33, NULL),
(4046, 33, NULL),
(4047, 33, NULL),
(4048, 33, NULL),
(4049, 33, NULL),
(4050, 33, NULL),
(4051, 33, NULL),
(4052, 33, NULL),
(4053, 33, NULL),
(4054, 33, NULL),
(4055, 33, NULL),
(4056, 33, NULL),
(4057, 33, NULL),
(4058, 33, NULL),
(4059, 33, NULL),
(4060, 33, NULL),
(4061, 33, NULL),
(4062, 33, NULL),
(4063, 33, NULL),
(4064, 33, NULL),
(4065, 33, NULL),
(4066, 33, NULL),
(4067, 33, NULL),
(4068, 33, NULL),
(4069, 33, NULL),
(4070, 33, NULL),
(4071, 33, NULL),
(4072, 33, NULL),
(4073, 33, NULL),
(4074, 33, NULL),
(4075, 33, NULL),
(4076, 33, NULL),
(4077, 33, NULL),
(4078, 33, NULL),
(4079, 33, NULL),
(4080, 33, NULL),
(4081, 33, NULL),
(4082, 33, NULL),
(4083, 33, NULL),
(4084, 33, NULL),
(4085, 33, NULL),
(4086, 33, NULL),
(4087, 33, NULL),
(4088, 33, NULL),
(4089, 33, NULL),
(4090, 33, NULL),
(4091, 33, NULL),
(4092, 33, NULL),
(4093, 33, NULL),
(4094, 33, NULL),
(4095, 33, NULL),
(4096, 33, NULL),
(4097, 33, NULL),
(4098, 33, NULL),
(4099, 33, NULL),
(4100, 33, NULL),
(4101, 33, NULL),
(4102, 33, NULL),
(4103, 33, NULL),
(4104, 33, NULL),
(4105, 33, NULL),
(4106, 33, NULL),
(4107, 33, NULL),
(4108, 33, NULL),
(4109, 33, NULL),
(4110, 33, NULL),
(4111, 33, NULL),
(4112, 33, NULL),
(4113, 33, NULL),
(4114, 33, NULL),
(4115, 33, NULL),
(4116, 33, NULL),
(4117, 33, NULL),
(4118, 33, NULL),
(4119, 33, NULL),
(4120, 33, NULL),
(4121, 33, NULL),
(4122, 33, NULL),
(4123, 33, NULL),
(4124, 33, NULL),
(4125, 33, NULL),
(4126, 33, NULL),
(4127, 33, NULL),
(4128, 33, NULL),
(4129, 33, NULL),
(4130, 33, NULL),
(4131, 33, NULL),
(4132, 33, NULL),
(4133, 33, NULL),
(4134, 33, NULL),
(4135, 33, NULL),
(4136, 33, NULL),
(4137, 33, NULL),
(4138, 33, NULL),
(4139, 33, NULL),
(4140, 33, NULL),
(4141, 33, NULL),
(4142, 33, NULL),
(4143, 33, NULL),
(4144, 33, NULL),
(4145, 33, NULL),
(4146, 33, NULL),
(4147, 33, NULL),
(4148, 33, NULL),
(4149, 33, NULL),
(4150, 33, NULL),
(4151, 33, NULL),
(4152, 33, NULL),
(4153, 33, NULL),
(4154, 33, NULL),
(4155, 33, NULL),
(4156, 33, NULL),
(4157, 33, NULL),
(4158, 33, NULL),
(4159, 33, NULL),
(4160, 33, NULL),
(4161, 33, NULL),
(4162, 33, NULL),
(4163, 33, NULL),
(4164, 33, NULL),
(4165, 33, NULL),
(4166, 33, NULL),
(4167, 33, NULL),
(4168, 33, NULL),
(4169, 33, NULL),
(4170, 33, NULL),
(4171, 33, NULL),
(4172, 33, NULL),
(4173, 33, NULL),
(4174, 33, NULL),
(4175, 33, NULL),
(4176, 33, NULL),
(4177, 33, NULL),
(4178, 33, NULL),
(4179, 33, NULL),
(4180, 33, NULL),
(4181, 33, NULL),
(4182, 33, NULL),
(4183, 33, NULL),
(4184, 33, NULL),
(4185, 33, NULL),
(4186, 33, NULL),
(4187, 33, NULL),
(4188, 33, NULL),
(4189, 33, NULL),
(4190, 33, NULL),
(4191, 33, NULL),
(4192, 33, NULL),
(4193, 33, NULL),
(4194, 33, NULL),
(4195, 33, NULL),
(4196, 33, NULL),
(4197, 33, NULL),
(4198, 33, NULL),
(4199, 33, NULL),
(4200, 33, NULL),
(4201, 33, NULL),
(4202, 33, NULL),
(4203, 33, NULL),
(4204, 33, NULL),
(4205, 33, NULL),
(4206, 33, NULL),
(4207, 33, NULL),
(4208, 33, NULL),
(4209, 33, NULL),
(4210, 33, NULL),
(4211, 33, NULL),
(4212, 33, NULL),
(4213, 33, NULL),
(4214, 33, NULL),
(4215, 33, NULL),
(4216, 33, NULL),
(4217, 33, NULL),
(4218, 33, NULL),
(4219, 33, NULL),
(4220, 33, NULL),
(4221, 33, NULL),
(4222, 33, NULL),
(4223, 33, NULL),
(4224, 33, NULL),
(4225, 33, NULL),
(4226, 33, NULL),
(4227, 33, NULL),
(4228, 33, NULL),
(4229, 33, NULL),
(4230, 33, NULL),
(4231, 33, NULL),
(4232, 33, NULL),
(4233, 33, NULL),
(4234, 33, NULL),
(4235, 33, NULL),
(4236, 33, NULL),
(4237, 33, NULL),
(4238, 33, NULL),
(4239, 33, NULL),
(4240, 33, NULL),
(4241, 33, NULL),
(4242, 33, NULL),
(4243, 33, NULL),
(4244, 33, NULL),
(4245, 33, NULL),
(4246, 33, NULL),
(4247, 33, NULL),
(4248, 33, NULL),
(4249, 33, NULL),
(4250, 33, NULL),
(4251, 33, NULL),
(4252, 33, NULL),
(4253, 33, NULL),
(4254, 33, NULL),
(4255, 33, NULL),
(4256, 33, NULL),
(4257, 33, NULL),
(4258, 33, NULL),
(4259, 33, NULL),
(4260, 33, NULL),
(4261, 33, NULL),
(4262, 33, NULL),
(4263, 33, NULL),
(4264, 33, NULL),
(4265, 33, NULL),
(4266, 33, NULL),
(4267, 33, NULL),
(4268, 33, NULL),
(4269, 33, NULL),
(4270, 33, NULL),
(4271, 33, NULL),
(4272, 33, NULL),
(4273, 33, NULL),
(4274, 33, NULL),
(4275, 33, NULL),
(4276, 33, NULL),
(4277, 33, NULL),
(4278, 33, NULL),
(4279, 33, NULL),
(4280, 33, NULL),
(4281, 33, NULL),
(4282, 33, NULL),
(4283, 33, NULL),
(4284, 33, NULL),
(4285, 33, NULL),
(4286, 33, NULL),
(4287, 33, NULL),
(4288, 33, NULL),
(4289, 33, NULL),
(4290, 33, NULL),
(4291, 33, NULL),
(4292, 33, NULL),
(4293, 33, NULL),
(4294, 33, NULL),
(4295, 33, NULL),
(4296, 33, NULL),
(4297, 33, NULL),
(4298, 33, NULL),
(4299, 33, NULL),
(4300, 33, NULL),
(4301, 33, NULL),
(4302, 33, NULL),
(4303, 33, NULL),
(4304, 33, NULL),
(4305, 33, NULL),
(4306, 33, NULL),
(4307, 33, NULL),
(4308, 33, NULL),
(4309, 33, NULL),
(4310, 33, NULL),
(4311, 33, NULL),
(4312, 33, NULL),
(4313, 33, NULL),
(4314, 33, NULL),
(4315, 33, NULL),
(4316, 33, NULL),
(4317, 33, NULL),
(4318, 33, NULL),
(4319, 33, NULL),
(4320, 33, NULL),
(4321, 33, NULL),
(4322, 33, NULL),
(4323, 33, NULL),
(4324, 33, NULL),
(4325, 33, NULL),
(4326, 33, NULL),
(4327, 33, NULL),
(4328, 33, NULL),
(4329, 33, NULL),
(4330, 33, NULL),
(4331, 33, NULL),
(4332, 33, NULL),
(4333, 33, NULL),
(4334, 33, NULL),
(4335, 33, NULL),
(4336, 33, NULL),
(4337, 33, NULL),
(4338, 33, NULL),
(4339, 33, NULL),
(4340, 33, NULL),
(4341, 33, NULL),
(4342, 33, NULL),
(4343, 33, NULL),
(4344, 33, NULL),
(4345, 33, NULL),
(4346, 33, NULL),
(4347, 33, NULL),
(4348, 33, NULL),
(4349, 33, NULL),
(4350, 33, NULL),
(4351, 33, NULL),
(4352, 33, NULL),
(4353, 33, NULL),
(4354, 33, NULL),
(4355, 33, NULL),
(4356, 33, NULL),
(4357, 33, NULL),
(4358, 33, NULL),
(4359, 33, NULL),
(4360, 33, NULL),
(4361, 33, NULL),
(4362, 33, NULL),
(4363, 33, NULL),
(4364, 33, NULL),
(4365, 33, NULL),
(4366, 33, NULL),
(4367, 33, NULL),
(4368, 33, NULL),
(4369, 33, NULL),
(4370, 33, NULL),
(4371, 33, NULL),
(4372, 33, NULL),
(4373, 33, NULL),
(4374, 33, NULL),
(4375, 33, NULL),
(4376, 33, NULL),
(4377, 33, NULL),
(4378, 33, NULL),
(4379, 33, NULL),
(4380, 33, NULL),
(4381, 33, NULL),
(4382, 33, NULL),
(4383, 33, NULL),
(4384, 33, NULL),
(4385, 33, NULL),
(4386, 33, NULL),
(4387, 33, NULL),
(4388, 33, NULL),
(4389, 33, NULL),
(4390, 33, NULL),
(4391, 33, NULL),
(4392, 33, NULL),
(4393, 33, NULL),
(4394, 33, NULL),
(4395, 33, NULL),
(4396, 33, NULL),
(4397, 33, NULL),
(4398, 33, NULL),
(4399, 33, NULL),
(4400, 33, NULL),
(4401, 33, NULL),
(4402, 33, NULL),
(4403, 33, NULL),
(4404, 33, NULL),
(4405, 33, NULL),
(4406, 33, NULL),
(4407, 33, NULL),
(4408, 33, NULL),
(4409, 33, NULL),
(4410, 33, NULL),
(4411, 33, NULL),
(4412, 33, NULL),
(4413, 33, NULL),
(4414, 33, NULL),
(4415, 33, NULL),
(4416, 33, NULL),
(4417, 33, NULL),
(4418, 33, NULL),
(4419, 33, NULL),
(4420, 33, NULL),
(4421, 33, NULL),
(4422, 33, NULL),
(4423, 33, NULL),
(4424, 33, NULL),
(4425, 33, NULL),
(4426, 33, NULL),
(4427, 33, NULL),
(4428, 33, NULL),
(4429, 33, NULL),
(4430, 33, NULL),
(4431, 33, NULL),
(4432, 33, NULL),
(4433, 33, NULL),
(4434, 33, NULL),
(4435, 33, NULL),
(4436, 33, NULL),
(4437, 33, NULL),
(4438, 33, NULL),
(4439, 33, NULL),
(4440, 33, NULL),
(4441, 33, NULL),
(4442, 33, NULL),
(4443, 33, NULL),
(4444, 33, NULL),
(4445, 33, NULL),
(4446, 33, NULL),
(4447, 33, NULL),
(4448, 33, NULL),
(4449, 33, NULL),
(4450, 33, NULL),
(4451, 33, NULL),
(4452, 33, NULL),
(4453, 33, NULL),
(4454, 33, NULL),
(4455, 33, NULL),
(4456, 33, NULL),
(4457, 33, NULL),
(4458, 33, NULL),
(4459, 33, NULL),
(4460, 33, NULL),
(4461, 33, NULL),
(4462, 33, NULL),
(4463, 33, NULL),
(4464, 33, NULL),
(4465, 33, NULL),
(4466, 33, NULL),
(4467, 33, NULL),
(4468, 33, NULL),
(4469, 33, NULL),
(4470, 33, NULL),
(4471, 33, NULL),
(4472, 33, NULL),
(4473, 33, NULL),
(4474, 33, NULL),
(4475, 33, NULL),
(4476, 33, NULL),
(4477, 33, NULL),
(4478, 33, NULL),
(4479, 33, NULL),
(4480, 33, NULL),
(4481, 33, NULL),
(4482, 33, NULL),
(4483, 33, NULL),
(4484, 33, NULL),
(4485, 33, NULL),
(4486, 33, NULL),
(4487, 33, NULL),
(4488, 33, NULL),
(4489, 33, NULL),
(4490, 33, NULL),
(4491, 33, NULL),
(4492, 33, NULL),
(4493, 33, NULL),
(4494, 33, NULL),
(4495, 33, NULL),
(4496, 33, NULL),
(4497, 33, NULL),
(4498, 33, NULL),
(4499, 33, NULL),
(4500, 33, NULL),
(4501, 33, NULL),
(4502, 33, NULL),
(4503, 33, NULL),
(4504, 33, NULL),
(4505, 33, NULL),
(4506, 33, NULL),
(4507, 33, NULL),
(4508, 33, NULL),
(4509, 33, NULL),
(4510, 33, NULL),
(4511, 33, NULL),
(4512, 33, NULL),
(4513, 33, NULL),
(4514, 33, NULL),
(4515, 33, NULL),
(4516, 33, NULL),
(4517, 33, NULL),
(4518, 33, NULL),
(4519, 33, NULL),
(4520, 33, NULL),
(4521, 33, NULL),
(4522, 33, NULL),
(4523, 33, NULL),
(4524, 33, NULL),
(4525, 33, NULL),
(4526, 33, NULL),
(4527, 33, NULL),
(4528, 33, NULL),
(4529, 33, NULL),
(4530, 33, NULL),
(4531, 33, NULL),
(4532, 33, NULL),
(4533, 33, NULL),
(4534, 33, NULL),
(4535, 33, NULL),
(4536, 33, NULL),
(4537, 33, NULL),
(4538, 33, NULL),
(4539, 33, NULL),
(4540, 33, NULL),
(4541, 33, NULL),
(4542, 33, NULL),
(4543, 33, NULL),
(4544, 33, NULL),
(4545, 33, NULL),
(4546, 33, NULL),
(4547, 33, NULL),
(4548, 33, NULL),
(4549, 33, NULL),
(4550, 33, NULL),
(4551, 33, NULL),
(4552, 33, NULL),
(4553, 33, NULL),
(4554, 33, NULL),
(4555, 33, NULL),
(4556, 33, NULL),
(4557, 33, NULL),
(4558, 33, NULL),
(4559, 33, NULL),
(4560, 33, NULL),
(4561, 33, NULL),
(4562, 33, NULL),
(4563, 33, NULL),
(4564, 33, NULL),
(4565, 33, NULL),
(4566, 33, NULL),
(4567, 33, NULL),
(4568, 33, NULL),
(4569, 33, NULL),
(4570, 33, NULL),
(4571, 33, NULL),
(4572, 33, NULL),
(4573, 33, NULL),
(4574, 33, NULL),
(4575, 33, NULL),
(4576, 33, NULL),
(4577, 33, NULL),
(4578, 33, NULL),
(4579, 33, NULL),
(4580, 33, NULL),
(4581, 33, NULL),
(4582, 33, NULL),
(4583, 33, NULL),
(4584, 33, NULL),
(4585, 33, NULL),
(4586, 33, NULL),
(4587, 33, NULL),
(4588, 33, NULL),
(4589, 33, NULL);

-- --------------------------------------------------------

--
-- Table structure for table `modules_taken`
--

CREATE TABLE `modules_taken` (
  `id` int NOT NULL,
  `user_id` int NOT NULL,
  `module_id` int NOT NULL,
  `status` varchar(200) COLLATE utf8mb4_general_ci DEFAULT 'fail',
  `date_taken` date NOT NULL
) ENGINE=InnoDB DEFAULT CHARSET=utf8mb4 COLLATE=utf8mb4_general_ci;

--
-- Dumping data for table `modules_taken`
--

INSERT INTO `modules_taken` (`id`, `user_id`, `module_id`, `status`, `date_taken`) VALUES
(14, 45, 9, 'passed', '2024-10-10'),
(15, 45, 10, 'passed', '2024-10-10'),
(16, 45, 11, 'passed', '2024-10-10'),
(17, 43, 9, 'passed', '2024-10-11'),
(18, 43, 10, 'passed', '2024-10-11'),
(19, 43, 11, 'passed', '2024-10-11'),
(20, 43, 1, 'fail', '2024-10-18');

-- --------------------------------------------------------

--
-- Table structure for table `module_content`
--

CREATE TABLE `module_content` (
  `id` int NOT NULL,
  `description` varchar(255) COLLATE utf8mb4_unicode_ci NOT NULL,
  `video` varchar(255) COLLATE utf8mb4_unicode_ci NOT NULL,
  `file_path` varchar(255) COLLATE utf8mb4_unicode_ci NOT NULL,
  `modules_id` int NOT NULL
) ENGINE=InnoDB DEFAULT CHARSET=utf8mb4 COLLATE=utf8mb4_unicode_ci;

--
-- Dumping data for table `module_content`
--

INSERT INTO `module_content` (`id`, `description`, `video`, `file_path`, `modules_id`) VALUES
(1, 'learning correct measurements', 'https://www.youtube.com/watch?v=Qxo2ToDM-uE&list=RDCLAK5uy_kmPRjHDECIcuVwnKsx2Ng7fyNgFKWNJFs&index=9', 'uploads/1.jpg', 1),
(2, 'correct needle and uses', 'https://www.youtube.com/watch?v=WvoAL44J42g', 'uploads/2.jpg', 2),
(3, 'types of dress', 'https://www.youtube.com/watch?v=z-5tJblM-WQ', 'uploads/3.jpg', 3),
(4, 'new', 'https://www.youtube.com/watch?v=ahHiepqCDK8', 'uploads/supply.pdf', 4),
(5, 'how to bake ', 'https://www.youtube.com/watch?v=KTh4kTdj3Kk&list=RDKTh4kTdj3Kk&start_radio=1', 'uploads/download (1).jpeg', 6),
(6, 'how to grill', 'https://www.youtube.com/watch?v=NoZJYcNcbUA', 'uploads/PESO.pdf', 7),
(8, 'Introduction To Digital Marketing', 'https://www.youtube.com/watch?v=ZVuHLPl69mM', 'uploads/diskette.png', 9),
(9, 'Search Engine Optimization (SEO)', 'https://www.youtube.com/watch?v=xsVTqzratPs', 'uploads/diskette.png', 10),
(10, 'FRIED', 'https://www.youtube.com/watch?v=nqwvvmzfWDA', 'uploads/diskette.png', 12),
(11, 'sdfweaf', 'https://www.youtube.com/watch?v=NfTvrL99dVkhttps://www.youtube.com/watch?v=NfTvrL99dVkhttps://www.youtube.com/watch?v=NfTvrL99dVk', 'uploads/Application-Form.pdf', 18),
(12, 'jack', 'https://www.youtube.com/watch?v=QdJPIylB7TA', 'uploads/Application Form6.pdf', 18),
(13, 'jack', 'https://www.youtube.com/watch?v=QdJPIylB7TA', 'uploads/Application Form6.pdf', 18),
(14, 'jack', 'https://www.youtube.com/watch?v=QdJPIylB7TA', 'uploads/Application Form6.pdf', 16),
(15, 'hahaha', 'https://www.youtube.com/watch?v=kSNOF7vNplM&t=278s', 'uploads/Application Form6.pdf', 18),
(16, 'sdfweaf', 'https://www.youtube.com/watch?v=NfTvrL99dVkhttps://www.youtube.com/watch?v=NfTvrL99dVkhttps://www.youtube.com/watch?v=NfTvrL99dVk', 'uploads/Application-Form.pdf', 17),
(17, 'jack', 'https://www.youtube.com/watch?v=NfTvrL99dVkhttps://www.youtube.com/watch?v=NfTvrL99dVkhttps://www.youtube.com/watch?v=NfTvrL99dVk', 'uploads/Application-Form.pdf', 17),
(18, 'Social median marketin strats', 'https://www.youtube.com/watch?v=J_RJY8TuSso', 'uploads/Application-Form.pdf', 11);

-- --------------------------------------------------------

--
-- Table structure for table `question`
--

CREATE TABLE `question` (
  `id` int NOT NULL,
  `quiz_id` int DEFAULT NULL,
  `question` varchar(255) COLLATE utf8mb4_unicode_ci DEFAULT NULL,
  `option_a` varchar(255) COLLATE utf8mb4_unicode_ci DEFAULT NULL,
  `option_b` varchar(255) COLLATE utf8mb4_unicode_ci DEFAULT NULL,
  `option_c` varchar(255) COLLATE utf8mb4_unicode_ci DEFAULT NULL,
  `option_d` varchar(255) COLLATE utf8mb4_unicode_ci DEFAULT NULL,
  `correct_answer` varchar(255) COLLATE utf8mb4_unicode_ci DEFAULT NULL,
  `marks` int DEFAULT '1'
) ENGINE=InnoDB DEFAULT CHARSET=utf8mb4 COLLATE=utf8mb4_unicode_ci;

--
-- Dumping data for table `question`
--

INSERT INTO `question` (`id`, `quiz_id`, `question`, `option_a`, `option_b`, `option_c`, `option_d`, `correct_answer`, `marks`) VALUES
(4, 4, 'what is CM', 'centimeter', 'milimeter', 'inches', 'meter', 'a', 1),
(5, 4, 'Inches ', '1', '2', '3', '4', 'b', 1),
(6, 4, 'Meter', '1', '2', '3', '4', 'd', 1),
(7, 4, 'Color', '1', '2', '3', '4', 'c', 1),
(8, 5, 'what is CM', '1', '2', '3', '4', 'c', 1),
(9, 5, '2', '3', '4', '6', '7', 'b', 1),
(10, 6, 'Which of the following is considered a leavening agent used in baking?', '.Salt', 'Sugar', ' Baking powder', 'Olive oil', 'c', 1),
(11, 6, 'What type of flour is most commonly used for making bread?', 'Cake flour', 'All-purpose flour', 'Bread flour', 'Self-rising flour', 'c', 1),
(12, 6, 'Which ingredient is often used to give baked goods a tender texture?', 'Butter', 'Baking soda', 'Cornstarch', 'Water', 'a', 1),
(13, 6, 'When a recipe calls for creaming, which two ingredients are typically mixed together?', 'Flour and eggs', 'Butter and sugar', 'Milk and flour', 'Eggs and sugar', 'b', 1),
(14, 6, ' What is the primary function of eggs in most baking recipes?', 'To add sweetness', 'To provide structure and stability', 'To act as a thickening agent', 'To enhance flavor', 'b', 1),
(15, 6, 'Which of the following is commonly used as a fat in baking?', 'Sugar', 'Salt', ' Shortening', 'Cornstarch', 'c', 1),
(16, 6, ' What is the purpose of adding salt to baked goods?', 'To increase sweetness', 'To enhance flavor', ' To act as a preservative', 'To provide moisture', 'b', 1),
(17, 6, 'Which sugar is most often used in making meringue? a) Granulated sugar', ' Brown sugar', 'Granulated sugar', ' Confectioners’ sugar', 'Raw sugar', 'b', 1),
(18, 6, 'What is the main purpose of using yeast in bread baking?', 'To add flavor', ' To sweeten the dough', ' To make the dough rise', ' To improve the dough’s texture', 'c', 1),
(19, 6, ' What ingredient is typically used to thicken custards and fillings?', 'Flour', ' Cornstarch', 'Yeast', ' Baking soda', 'b', 1),
(20, 7, ' What is the primary purpose of marinating meat before grilling?', 'To make the meat look better', 'To reduce cooking time', 'To enhance flavor and tenderize the meat', 'To increase the temperature of the grill', 'c', 1),
(21, 7, ' Which of the following is the best oil to use for greasing the grill to prevent sticking?', 'Olive oil', 'Butter', 'Vegetable oil', 'Coconut oil', 'c', 1),
(22, 7, 'What is the ideal internal temperature for grilling a medium-rare steak?', ' 120°F (49°C)', '140°F (60°C)', '130°F (54°C)', '160°F (71°C)', 'c', 1),
(23, 7, 'Which of the following cuts of meat is typically used for grilling?', 'Ribeye', 'Shank', 'Chuck roast', 'Brisket', 'a', 1),
(24, 7, 'What is the correct technique for using indirect heat while grilling?', 'Placing the food directly over the flames', 'Cooking the food with the grill lid open', 'Cooking the food away from the flames with the lid closed', 'Cooking the food with high heat for a short time', 'c', 1),
(25, 7, 'Which type of grill typically provides the most smoky flavor?', 'Electric grill', 'Gas grill', 'Charcoal grill', 'Infrared grill', 'c', 1),
(26, 7, ' What is the best way to check if chicken is fully cooked when grilling?', 'By cutting it open and checking the color', 'By using a meat thermometer to check the internal temperature', 'By feeling its texture', ' By measuring the cooking time', 'b', 1),
(27, 7, 'How often should you flip burgers while grilling?', 'Every 1 minute', ' As often as possible', 'Only once during grilling', 'Every 30 seconds', 'c', 1),
(28, 7, 'What is the best method for preventing vegetables from falling through the grill grates?', ' Use high heat to cook them faster', ' Use a grilling basket or skewers', 'Cut them into large pieces', 'Keep the grill lid open', 'b', 1),
(29, 7, 'Which of the following meats is best suited for quick grilling over high heat?', 'Pork chops', 'Brisket', 'Lamb shank', ' Beef short ribs', 'a', 1),
(30, 8, ' What is the primary purpose of marinating meat before grilling?', 'To make the meat look better', 'To reduce cooking time', 'To enhance flavor and tenderize the meat', 'To increase the temperature of the grill', 'c', 1),
(31, 8, 'Which of the following is the best oil to use for greasing the grill to prevent sticking?', ' Olive oil', 'Butter', 'Vegetable oil', ' Coconut oil', 'c', 1),
(32, 8, 'What is the ideal internal temperature for grilling a medium-rare steak?', '120°F (49°C)', ' 160°F (71°C)', '130°F (54°C)', '140°F (60°C)', 'c', 1),
(33, 8, 'Which of the following cuts of meat is typically used for grilling?', 'Ribeye', 'Shank', 'Chuck roast', 'Brisket', 'a', 1),
(34, 8, 'What is the correct technique for using indirect heat while grilling?', 'Placing the food directly over the flames', 'Cooking the food with the grill lid open', 'Cooking the food away from the flames with the lid closed', 'Cooking the food with high heat for a short time', 'c', 1),
(35, 8, 'Which type of grill typically provides the most smoky flavor?', 'Electric grill', 'Gas grill', 'Charcoal grill', 'Infrared grill', 'c', 1),
(36, 8, 'What is the best way to check if chicken is fully cooked when grilling?', 'By cutting it open and checking the color', ' By using a meat thermometer to check the internal temperature', 'By feeling its texture', ' By measuring the cooking time', 'b', 1),
(37, 8, 'How often should you flip burgers while grilling?', 'Every 1 minute', 'As often as possible', 'Only once during grilling', 'Every 30 seconds', 'c', 1),
(38, 8, 'What is the best method for preventing vegetables from falling through the grill grates?', ' Use high heat to cook them faster', 'Use a grilling basket or skewers', 'Cut them into large pieces', 'Keep the grill lid open', 'b', 1),
(39, 8, ' Which of the following meats is best suited for quick grilling over high heat?', 'Pork chops', ' Brisket', 'Lamb shank', 'Beef short ribs', 'a', 1),
(40, 9, 'Which of the following meats is best suited for quick grilling over high heat?', ' Pork chops', ' Brisket', 'Lamb shank', 'Beef short ribs', 'a', 1),
(41, 9, '. What is the best method for preventing vegetables from falling through the grill grates?', 'Cut them into large pieces', 'Keep the grill lid open', 'Use a grilling basket or skewers', 'Use high heat to cook them faster', 'c', 1),
(42, 9, ' Which type of grill typically provides the most smoky flavor?', 'Electric grill', 'Gas grill', ' Charcoal grill', 'Infrared grill', 'c', 1),
(43, 9, 'How often should you flip burgers while grilling?', 'Every 1 minute', 'As often as possible', 'Only once during grilling', ' Every 30 seconds', 'c', 1),
(44, 9, ' What is the best way to check if chicken is fully cooked when grilling?', 'By cutting it open and checking the color', ' By using a meat thermometer to check the internal temperature', ' By feeling its texture', 'By measuring the cooking time', 'b', 1),
(45, 9, 'What is the correct technique for using indirect heat while grilling?', 'Cooking the food with the grill lid open', 'Placing the food directly over the flames', 'Cooking the food away from the flames with the lid closed', 'Cooking the food with high heat for a short time', 'c', 1),
(46, 9, 'Which of the following cuts of meat is typically used for grilling?', 'Ribeye', 'Shank', 'Chuck roast', 'Brisket', 'a', 1),
(47, 9, 'What is the ideal internal temperature for grilling a medium-rare steak?', ' 120°F (49°C)', ' 140°F (60°C)', ' 130°F (54°C)', ' 160°F (71°C)', 'c', 1),
(48, 9, 'Which of the following is the best oil to use for greasing the grill to prevent sticking?', 'Coconut oil', ') Butter', 'Vegetable oil', 'Olive oil', 'c', 1),
(49, 9, ' What is the primary purpose of marinating meat before grilling?', 'To make the meat look better', 'To reduce cooking time', 'To enhance flavor and tenderize the meat', 'To increase the temperature of the grill', 'c', 1),
(75, 13, 'Which social media platform is most commonly used for professional networking?', 'Facebook', ' Instagram', 'LinkedIn', 'Twitter', 'c', 1),
(76, 13, 'What is the primary goal of a social media strategy?', 'To create viral content', 'To post as much content as possible', 'To align social media efforts with business objectives', ' To focus only on paid campaigns', 'c', 1),
(77, 13, 'Which platform is best known for its image and video-centric content?', 'Twitter', ' Instagram', ' LinkedIn', 'Facebook', 'b', 1),
(78, 13, 'Which of the following is an example of paid social media marketing?', ' Sharing a personal blog post on your profile', 'Responding to customer comments on your page', 'Running a Facebook Ads campaign', 'Posting a story on Instagram', 'c', 1),
(79, 13, 'Which social media platform is most commonly used for professional networking?', 'Facebook', ' Instagram', 'LinkedIn', 'Twitter', 'c', 1),
(80, 13, 'What is the primary goal of a social media strategy?', 'To create viral content', 'To post as much content as possible', 'To align social media efforts with business objectives', ' To focus only on paid campaigns', 'c', 1),
(81, 13, 'Which platform is best known for its image and video-centric content?', 'Twitter', ' Instagram', ' LinkedIn', 'Facebook', 'b', 1),
(82, 13, 'Which of the following is an example of paid social media marketing?', ' Sharing a personal blog post on your profile', 'Responding to customer comments on your page', 'Running a Facebook Ads campaign', 'Posting a story on Instagram', 'c', 1),
(83, 13, 'Which social media platform is most commonly used for professional networking?', 'Facebook', ' Instagram', 'LinkedIn', 'Twitter', 'c', 1),
(84, 13, 'What is the primary goal of a social media strategy?', 'To create viral content', 'To post as much content as possible', 'To align social media efforts with business objectives', ' To focus only on paid campaigns', 'c', 1),
(85, 13, 'Which platform is best known for its image and video-centric content?', 'Twitter', ' Instagram', ' LinkedIn', 'Facebook', 'b', 1),
(86, 13, 'Which of the following is an example of paid social media marketing?', ' Sharing a personal blog post on your profile', 'Responding to customer comments on your page', 'Running a Facebook Ads campaign', 'Posting a story on Instagram', 'c', 1),
(87, 13, 'Which social media platform is most commonly used for professional networking?', 'Facebook', ' Instagram', 'LinkedIn', 'Twitter', 'c', 1),
(88, 13, 'What is the primary goal of a social media strategy?', 'To create viral content', 'To post as much content as possible', 'To align social media efforts with business objectives', ' To focus only on paid campaigns', 'c', 1),
(89, 13, 'Which platform is best known for its image and video-centric content?', 'Twitter', ' Instagram', ' LinkedIn', 'Facebook', 'b', 1),
(90, 13, 'Which of the following is an example of paid social media marketing?', ' Sharing a personal blog post on your profile', 'Responding to customer comments on your page', 'Running a Facebook Ads campaign', 'Posting a story on Instagram', 'c', 1),
(91, 13, 'Which social media platform is most commonly used for professional networking?', 'Facebook', ' Instagram', 'LinkedIn', 'Twitter', 'c', 1),
(92, 13, 'What is the primary goal of a social media strategy?', 'To create viral content', 'To post as much content as possible', 'To align social media efforts with business objectives', ' To focus only on paid campaigns', 'c', 1),
(93, 13, 'Which platform is best known for its image and video-centric content?', 'Twitter', ' Instagram', ' LinkedIn', 'Facebook', 'b', 1),
(94, 13, 'Which of the following is an example of paid social media marketing?', ' Sharing a personal blog post on your profile', 'Responding to customer comments on your page', 'Running a Facebook Ads campaign', 'Posting a story on Instagram', 'c', 1),
(95, 14, ' What is frying?', 'Cooking food in hot oil', ' Cooking food in dry heat', 'Cooking food in water', 'Cooking food in steam', 'a', 1),
(96, 14, 'Which type of frying involves submerging food completely in hot oil?', 'Pan-frying', 'Shallow frying', 'Deep frying', ' Dry frying', 'c', 1),
(97, 14, 'Which oil is commonly used for deep frying due to its high smoke point?', 'Olive oil', 'Coconut oil', 'Sunflower oil', 'Sesame oil', 'd', 1),
(98, 14, 'What temperature range is typically used for deep frying?', ' 100°C - 150°C', ' 150°C - 190°C', '200°C - 250°C', ' 50°C - 100°C', 'b', 1),
(99, 14, ' What is the purpose of breading or battering food before frying?', 'To change the color', ' To make it sweeter', ' To create a crispy coating', 'To soften the food', 'c', 1),
(100, 14, ' What is pan-frying?', 'Frying food without oil', 'Frying food with a small amount of oil', 'Frying food in deep oil', 'Frying food on high heat', 'b', 1),
(101, 14, 'Which of the following is not typically used in frying?', ' Oil', ' Fat', 'Butter', 'Water', 'd', 1),
(102, 14, 'What effect does overcrowding the frying pan have?', ' Makes food fry faster', ' Lowers the oil temperature', ' Increases the oil temperature', 'Cooks food evenly', 'b', 1),
(103, 14, 'What is shallow frying?', 'Submerging food in oil', 'Cooking food in a small amount of oil covering part of the food', 'Cooking food in steam', 'Cooking food in no oil', 'b', 1),
(104, 14, 'Which of the following foods is commonly deep-fried?', ' Bread', 'French fries', 'Fruit salad', ' Salad', 'b', 1),
(105, 14, 'What happens if oil is not hot enough when frying?', 'Food becomes crispy', ' Food absorbs too much oil', 'Food cooks faster', ' Food doesn’t cook at all', 'b', 1),
(106, 14, ' Which frying method is healthier?', 'Air frying', 'Deep frying', 'Shallow frying', 'Pan-frying', 'a', 1),
(107, 14, 'Which utensil is commonly used to remove fried food from oil?', 'Knife', 'Spoon', 'Slotted spoon', 'Fork', 'c', 1),
(108, 14, 'What is the smoke point of oil?', 'The temperature at which oil bubbles', 'The temperature at which oil starts to burn', 'The temperature at which oil cools', 'The temperature at which oil freezes', 'b', 1),
(109, 14, 'What type of oil is often avoided for deep frying due to its low smoke point?', 'Canola oil', ' Extra virgin olive oil', 'Peanut oil', ' Corn oil', 'b', 1),
(110, 14, 'How do you know when oil is ready for frying?', ' It cools down', 'It turns yellow', 'It stops bubbling', 'It begins to shimmer and lightly smoke', 'd', 1),
(111, 14, 'Why is it important to use dry ingredients when frying?', ' To improve taste', 'To prevent food from sticking to the pan', 'To avoid splattering and hot oil popping', 'To fry food faster', 'c', 1),
(112, 14, 'What is the role of a thermometer in frying?', 'To measure food weight', 'To check oil temperature', ') To stir food', 'To cool food down', 'b', 1),
(113, 14, 'What is stir-frying?', ' Frying food submerged in oil', 'Cooking food quickly with a small amount of oil while stirring constantly', 'Cooking food on a grill', 'Cooking food in water', 'b', 1),
(114, 14, 'What is the main difference between pan-frying and sautéing?', 'The type of oil used', 'The amount of oil and the heat applied', 'The type of food cooked', 'The cooking time', 'b', 1),
(115, 14, 'Which food is not usually fried?', 'Cake', 'Chicken', 'Donuts', 'French fries', 'a', 1),
(116, 14, 'What is double frying?', ' Frying food in two different oils', 'Frying the same food twice', 'Frying food, letting it cool, and frying it again for crispiness', 'Frying two foods at once', 'c', 1),
(117, 14, 'What happens when food is fried at too high a temperature?', 'It burns outside and remains raw inside', 'It cooks evenly', 'It absorbs less oil', 'It becomes too tender', 'a', 1),
(118, 14, 'Why is it important to let fried food drain on paper towels?', 'To improve flavor', 'To keep food moist', 'To remove excess oil', 'To add texture', 'c', 1),
(119, 14, ' What is a common sign that frying oil has degraded?', ' It turns clear', ' It produces a lot of smoke and smells burnt', 'It becomes thicker', 'It produces bubbles', 'b', 1),
(120, 14, 'What is tempura frying?', ' Frying in butter', 'Japanese method of frying with a light batter', 'Frying without oil', ' Frying with only flour', 'b', 1),
(121, 14, 'What does the term \"golden brown\" refer to in frying?', ' The oil used', 'The desired color of the food when perfectly fried', 'The name of a frying pan', 'The temperature of the oil', 'b', 1),
(122, 14, 'What’s the best way to keep fried food crispy?', 'Keep it on a wire rack', 'Cover it with foil', 'Store it in a plastic container', 'Let it sit in oil', 'a', 1),
(123, 14, 'Why is it not recommended to reuse oil for multiple frying sessions?', ' It makes the food oily', ' It affects the cooking time', 'It can lead to burnt flavors and unhealthy compounds', 'It increases the smoke point', 'c', 1),
(124, 14, 'Which of the following frying techniques is considered low-fat?', ' Deep frying', 'Pan-frying', 'Air frying', ' Shallow frying', 'c', 1),
(125, 14, 'What is the purpose of adding a pinch of salt to oil before frying?', ' To improve flavor', ' To reduce oil splattering', 'o change the color of oil', ' To increase oil temperature', 'b', 1),
(126, 14, ' What is flash frying?', 'Cooking food with a low temperature', 'Cooking food very quickly at high heat', 'Frying in butter', ' Frying food at a medium temperature', 'b', 1),
(127, 14, 'What should be done before frying frozen food?', 'Fry it immediately', 'Thaw it and dry it completely', 'Heat it in a microwave', 'Add extra oil', 'b', 1),
(128, 14, 'Which of the following is a benefit of frying with peanut oil?', 'It has a low smoke point', ' It has a strong flavor', 'It has a neutral flavor and high smoke point', 'It is not healthy', 'c', 1),
(129, 14, 'What type of frying uses little to no oil?', 'Shallow frying', ' Deep frying', 'Air frying', ' Stir frying', 'c', 1),
(130, 14, 'What is the risk of frying with wet or damp food?', ' It fries faster', ' It doesn’t absorb oil', 'It causes oil splatters and can be dangerous', 'It burns easily', 'c', 1),
(131, 14, 'What type of batter is typically used in tempura frying?', ' A batter made with milk', 'A batter made with yeast', 'A heavy batter made with breadcrumbs', 'A light, airy batter made with flour, water, and egg', 'd', 1),
(132, 14, 'Which oil is least suitable for frying due to its low smoke point?', 'Peanut oil', 'Extra virgin olive oil', 'Vegetable oil', 'Corn oil', 'b', 1),
(133, 14, 'What is the main role of a thermometer in frying?', ' To cook food faster', 'To make oil boil', 'To ensure oil is at the correct temperature', 'To cool the oil', 'c', 1),
(134, 14, 'Why is frying at the right temperature important?', 'To ensure food cooks evenly and doesn’t absorb too much oil', 'o burn the food', 'To cook the food faster', 'To make the food dry', 'a', 1),
(135, 15, 'fhndfrthd', 's', 'd', 'f', 'hg', 'd', 1),
(136, 15, '34f4esefsfdg', 's', 'd', 'f', 'g', 'a', 1),
(137, 15, 'fhndfrthd', 's', 'd', 'f', 'hg', 'd', 1),
(138, 15, '34f4esefsfdg', 's', 'd', 'f', 'g', 'a', 1),
(139, 15, 'fhndfrthd', 's', 'd', 'f', 'hg', 'd', 1),
(140, 15, '34f4esefsfdg', 's', 'd', 'f', 'g', 'a', 1),
(141, 16, 'sdf', 's', 'd', 'f', 'hg', 'd', 1),
(142, 20, 'fhndfrthd', 's', 'qd', 'sdf', 'sd', 'c', 1),
(143, 22, 'fhndfrthd', 's', 'qd', 'f', 'sd', 'c', 1),
(144, 26, 'fhndfrthd', 'sd', 'qd', 'fgd', 'xz', 'c', 1),
(145, 27, 'sadfawef', 's', 'v', 'x', 'z', 'c', 1),
(146, 27, 'sadfawef', 's', 'v', 'x', 'z', 'c', 1),
(147, 28, 'What is the standard measurement for a full bust?', 'Around the chest, just below the bust', 'Around the fullest part of the bust', 'Around the waistline', 'Around the hips', 'b', 1),
(148, 28, 'Where should the waist measurement be taken?', 'At the narrowest part of the waist', 'Around the fullest part of the hips', 'Just below the bust', 'At the level of the belly button', 'a', 1),
(149, 28, 'How do you measure the hip size?', 'Around the narrowest part of the waist', 'Around the fullest part of the hips', 'From the top of the shoulder to the hip', 'From the waist to the ankle', 'b', 1),
(150, 28, 'What is the correct way to measure the length of a dress?', 'From the top of the shoulder to the floor', ' From the waist to the knee', 'From the bust to the knee', 'From the hip to the ankle', 'a', 1),
(151, 28, 'How do you measure the shoulder width?', 'From the top of one shoulder to the other', 'Around the fullest part of the bust', 'From the nape of the neck to the hip', 'From the shoulder to the wrist', 'a', 1),
(152, 29, 'What type of needle is most commonly used for hand sewing?', 'Embroidery needle', 'Tapestry needle', 'Sharps needle', 'Darning needle', 'c', 1),
(153, 29, 'What does the number on a sewing needle indicate?', 'The type of metal used', 'The thickness of the needle', 'The length of the needle', 'The sharpness of the needle point', 'b', 1),
(154, 29, 'Which type of thread is most suitable for sewing heavy fabrics like denim?', 'Cotton thread', 'Silk thread', 'Polyester thread', 'Nylon thread', 'c', 1),
(155, 29, 'What is the main purpose of a ballpoint needle?', 'To sew through thick fabrics', 'To sew knits and stretch fabrics without damaging them', 'To sew delicate fabrics like silk', 'To sew leather and vinyl', 'b', 1),
(156, 29, 'Which needle size is best for sewing fine, delicate fabrics like silk', 'Size 9 or 10', 'Size 18 or 20', 'Size 14 or 16', 'Size 7 or 8', 'a', 1),
(157, 30, 'What type of scissors is best for cutting fabric?', 'Kitchen scissors', 'Dressmaker’s shears', 'Paper scissors', 'Embroidery scissors', 'b', 1),
(158, 30, 'What is the main purpose of pinking shears?', 'To prevent fabric edges from fraying', 'To cut thick fabrics', 'To create decorative edges', 'To make straight cuts', 'a', 1),
(159, 30, 'Which cutting tool is ideal for cutting multiple layers of fabric with precision?', 'Regular scissors', 'Rotary cutter', 'Pinking shears', 'Electric scissorsv', 'b', 1),
(160, 30, 'How should fabric be placed when cutting patterns?', 'On a flat, smooth surface', 'Folded several times', 'Hung on a rack', 'On a bumpy surface', 'a', 1),
(161, 30, 'What is the correct way to hold fabric shears while cutting?', 'Keep the lower blade flat against the table', ' Lift the fabric in the air', 'Use small snips for large cuts', 'Tilt the scissors at a steep angle', 'a', 1),
(162, 31, 'What is the primary purpose of a dressmaking pattern?', 'To decorate the fabric', 'To provide a template for cutting fabric pieces', 'To measure the fabric', 'To store sewing tools', 'b', 1),
(163, 31, 'Which tool is commonly used for creating straight lines when drafting patterns?', 'French curve', 'Ruler', 'Scissors', 'Tape measure', 'b', 1),
(164, 31, 'What does \"ease\" refer to in garment design?', 'The tightness of a garment', 'The amount of fabric needed for seams', 'The extra fabric allowed for movement and comfort', 'The length of the garment', 'c', 1),
(165, 31, 'When drawing a garment layout, what should be included?', 'Only the front view of the garment', 'All views, including front, back, and side ', 'Only fabric swatches', 'Only the measurements of the garment', 'b', 1),
(166, 31, 'Which technique is often used to add flair and movement to a dress design?', 'Gathering', 'Cutting on the fold', 'Creating darts', 'Adding interfacing', 'a', 1),
(172, 37, 'What is the main purpose of Search Engine Optimization (SEO)?', 'To create social media posts', 'To improve a websites ranking on search engines', 'To increase email subscribers', 'To design a website layout', 'b', 1),
(173, 37, 'Which of the following is a key component of content marketing?', 'Creating infographics for offline marketing', 'Developing valuable and relevant content to attract an audience', 'Sending cold emails', 'Paying for banner ads', 'b', 1),
(174, 37, 'What does \"PPC\" stand for in digital marketing?', 'Personal Paid Campaigns', 'Pay-Per-Click', 'Public Posting Content', 'Paid Promotional Content', 'b', 1),
(175, 37, 'Which digital marketing platform is most commonly used for professional networking and B2B marketing?', 'Instagram', 'LinkedIn', 'Snapchat', 'TikTok', 'b', 1),
(176, 37, 'What is the main goal of social media marketing?', 'To sell physical products directly', 'To engage with the audience and build brand awareness', 'To make videos go viral', 'To increase website bounce rates', 'b', 1),
(177, 38, 'What does SEO stand for?', 'Social Engagement Optimization', 'Search Engine Optimization', 'Site Enhancement Operations', 'Search Efficiency Optimization', 'b', 1),
(178, 38, 'What does SEO stand for?', 'Social Engagement Optimization', 'Search Engine Optimization', 'Site Enhancement Operations', 'Search Efficiency Optimization', 'b', 1),
(179, 38, 'What does SEO stand for?', 'Social Engagement Optimization', 'Search Engine Optimization', 'Site Enhancement Operations', 'Search Efficiency Optimization', 'b', 1),
(180, 38, 'Which factor is most important for improving a website\'s SEO ranking?', 'Increasing website color variety', 'High-quality, relevant content', 'Paying for ads', 'Using a large number of images', 'b', 1),
(181, 38, 'What is a \"keyword\" in SEO?', 'A word or phrase that users search for in search engines', 'A type of website plugin', 'A tag used in HTML coding', 'A special offer code for marketing', 'a', 1),
(182, 38, 'Which SEO technique involves acquiring backlinks from other websites?', 'On-page SEO', 'Keyword stuffing', 'Off-page SEO', 'Page speed optimization', 'c', 1),
(183, 38, 'What is the purpose of meta descriptions in SEO?', 'To rank higher in paid search results', 'To provide alt text for images', 'To provide a brief summary of the page content in search results', 'To display large amounts of text on a website', 'c', 1),
(184, 39, 'What is the primary goal of social media marketing?', 'To create print advertisements', 'To engage with the audience and build brand awareness', 'To sell products directly through social media', 'To increase email subscribers', 'b', 1),
(185, 39, 'Which social media platform is most commonly used for visual content and influencer marketing?', 'LinkedIn', 'Instagram', 'Twitter', 'Pinterest', 'b', 1),
(186, 39, 'What is the purpose of using hashtags in social media posts?', 'To increase the character count', 'To categorize content and increase visibility', 'To confuse the audience', 'To promote paid advertisements', 'b', 1),
(187, 39, 'What is an important metric to measure the success of social media campaigns?', 'The number of followers only', 'Engagement rate, including likes, shares, and comments', 'The number of posts published', 'The number of ads run', 'b', 1),
(188, 39, 'Which type of content tends to perform best on social media platforms?', 'Long, detailed articles', 'Short, visually appealing posts such as images and videos ', 'Only text-based updates', 'Complicated infographics', 'b', 1),
(189, 40, 'Earum consequatur quo est cupiditate deleniti quis odio rerum repellat.', 'Similique ducimus repellat sapiente eaque saepe voluptates suscipit.', 'Totam doloremque assumenda error quaerat commodi nihil nam est.', 'Inventore quidem occaecati.', 'Quo sed fugiat.', 'b', 1),
(190, 40, 'Exercitationem mollitia doloremque voluptate ipsam illum consectetur sed voluptates deleniti.', 'Fugit quo deserunt culpa aut rem atque alias aspernatur aut.', 'Sint numquam quia quis labore unde quae nihil nulla.', 'Facilis cumque tenetur hic.', 'Dolorem itaque nisi impedit ut ducimus nulla harum hic.', 'd', 1),
(191, 40, 'Nobis officiis quasi sit.', 'Ducimus necessitatibus ducimus accusantium provident omnis quo.', 'Earum ratione sequi optio quo laboriosam dolor commodi.', 'Nulla facilis laboriosam aut quidem minus rerum eveniet.', 'Sunt sunt corrupti ex sed.', 'c', 1),
(192, 40, 'Eaque error voluptates molestiae non veniam.', 'Hic expedita dolores in ea deserunt nemo exercitationem est.', 'Dolor aliquid doloremque.', 'Laudantium eaque numquam.', 'Corrupti cupiditate nobis consequuntur aliquid nisi illo odio earum quisquam.', 'c', 1),
(193, 40, 'Quod alias rem unde aut ullam autem.', 'Minus praesentium nisi quod libero a labore libero amet est.', 'Impedit itaque dolorem debitis dolorem ex.', 'Libero atque cum.', 'Quo aut ipsa nulla quasi totam unde amet consequatur.', 'b', 1),
(194, 40, 'Voluptates quae itaque.', 'Iusto minima tempore vitae quos aut ut possimus suscipit quas.', 'Aliquid dicta qui dolorum soluta quia placeat error cupiditate.', 'Voluptatum molestias harum quos reiciendis expedita.', 'Quia tempore voluptatem enim vel natus.', 'b', 1),
(195, 40, 'Maxime natus ea tenetur ad soluta numquam delectus.', 'Exercitationem sapiente minima distinctio quis veritatis.', 'Quaerat vitae hic est.', 'Dicta voluptatibus aliquid voluptatibus dolor.', 'Animi accusantium necessitatibus sint ipsum repellat ad necessitatibus.', 'b', 1),
(196, 40, 'Voluptates labore placeat velit at.', 'Dolore adipisci ut labore adipisci dolor dolores minima praesentium.', 'Tempora aliquam explicabo.', 'Pariatur blanditiis animi deleniti.', 'Sint et blanditiis alias consectetur.', 'a', 1),
(197, 40, 'Quis porro esse dolorem quasi quia sit expedita ea nulla.', 'Et illum laudantium perferendis architecto amet eaque.', 'Ut provident perspiciatis unde voluptatem quae.', 'Ut laboriosam itaque laborum quis pariatur molestiae.', 'Excepturi soluta labore distinctio cumque reprehenderit quod.', 'c', 1),
(198, 40, 'Cupiditate doloribus est.', 'Neque pariatur amet consequatur.', 'Consectetur dolor excepturi harum.', 'Itaque nesciunt dolore sequi explicabo magnam blanditiis iste.', 'Quia distinctio iusto eos odio temporibus nihil fugiat temporibus minima.', 'a', 1),
(199, 40, 'Eaque velit fuga architecto expedita adipisci nulla autem provident ipsa.', 'Placeat doloribus architecto ipsam in voluptate enim fugiat.', 'Tempore dolorum eos perspiciatis.', 'Laborum cumque unde eaque odit est dolor quae.', 'Eveniet occaecati debitis aspernatur deserunt ab.', 'c', 1),
(200, 40, 'Facere similique totam eaque neque necessitatibus odit in.', 'Vel nam illum dolor dolore aut.', 'Ullam earum asperiores non fuga esse doloribus.', 'Vitae blanditiis quod minima.', 'Porro eveniet itaque.', 'd', 1),
(201, 40, 'Eaque assumenda ipsum debitis nesciunt nemo id ipsam.', 'Vitae porro nulla voluptatibus eligendi natus distinctio voluptatibus nihil.', 'Earum doloremque illum perspiciatis corrupti dolorem est.', 'Sapiente nemo tempora assumenda debitis suscipit.', 'Sit nam nemo modi.', 'b', 1),
(202, 40, 'Dolor fugiat voluptate.', 'Explicabo neque eos quas earum enim architecto.', 'Quas iusto illum et.', 'Ab expedita dolorum.', 'Perspiciatis at commodi praesentium.', 'b', 1),
(203, 40, 'Et nisi tempora ullam.', 'Placeat asperiores eum harum.', 'Sint reiciendis aliquam suscipit tempore.', 'Ex non dignissimos modi molestiae maxime harum.', 'Voluptatibus ratione earum eveniet vel.', 'c', 1),
(204, 40, 'Consequatur eius rem enim aliquid odio quidem.', 'Molestias suscipit numquam quis animi perferendis.', 'Provident esse iusto distinctio dignissimos ducimus optio.', 'Voluptatum sed perferendis accusantium harum soluta earum neque.', 'Corrupti laboriosam veniam nam possimus aut esse veniam.', 'a', 1),
(205, 40, 'Reiciendis delectus itaque.', 'Qui quos ad doloribus odio expedita.', 'Harum perferendis at.', 'Ipsa quia eligendi ea natus eos error similique.', 'Molestiae libero asperiores maiores expedita facilis.', 'd', 1),
(206, 40, 'Asperiores eligendi aspernatur occaecati ea placeat et vitae distinctio ex.', 'Iure fugit nemo similique beatae adipisci tempora aut.', 'Repellendus rerum nobis odio nobis laborum quidem.', 'Consequatur error vitae illum ullam sequi.', 'Nam eaque iure libero dignissimos libero animi dolore veritatis.', 'd', 1),
(207, 40, 'Quos facere illo nisi aliquam illo labore eius autem.', 'Modi mollitia voluptate nemo quis culpa maiores nesciunt cupiditate porro.', 'Quod quidem sequi sed excepturi fugiat ea dolorum in.', 'Ex iste sapiente possimus nostrum aperiam maiores hic harum.', 'Debitis sit provident reiciendis rerum odio non dolores.', 'c', 1),
(208, 40, 'Animi rem sint occaecati ex vitae culpa maxime omnis quas.', 'Porro sapiente labore molestias distinctio tempore atque repellat dolores.', 'Possimus hic rerum in pariatur nostrum facere.', 'Illo iure beatae.', 'Officiis dolore illo.', 'b', 1);

-- --------------------------------------------------------

--
-- Table structure for table `quiz_name`
--

CREATE TABLE `quiz_name` (
  `id` int NOT NULL,
  `module_id` int DEFAULT NULL,
  `title` varchar(255) COLLATE utf8mb4_unicode_ci NOT NULL,
  `correct_ans` int DEFAULT NULL,
  `wrong_ans` int DEFAULT NULL,
  `total` int DEFAULT NULL,
  `tag` varchar(255) COLLATE utf8mb4_unicode_ci DEFAULT NULL,
  `date` datetime DEFAULT NULL ON UPDATE CURRENT_TIMESTAMP
) ENGINE=InnoDB DEFAULT CHARSET=utf8mb4 COLLATE=utf8mb4_unicode_ci;

--
-- Dumping data for table `quiz_name`
--

INSERT INTO `quiz_name` (`id`, `module_id`, `title`, `correct_ans`, `wrong_ans`, `total`, `tag`, `date`) VALUES
(5, 4, 'New', 1, 1, 2, 'how to measure ', '2024-09-02 15:04:41'),
(6, 6, 'Ingredients Of Baking', 1, 0, 10, 'Quiz/Exam', '2024-09-26 16:01:35'),
(9, 7, 'Grill', 1, 0, 10, 'How to Grill', '2024-09-26 12:29:00'),
(14, 12, 'How To Fry', 1, 0, 40, 'QUIZ', '2024-09-26 16:03:36'),
(15, 0, 'Randomm', 1, 1, 2, 'sdfasfwe', '2024-10-01 09:31:21'),
(16, 0, 'Randomm', 1, 1, 1, 'szfasd', '2024-10-01 09:42:24'),
(17, 0, 'Meyekop757', 1, 1, 1, '32zcxf', '2024-10-01 09:43:24'),
(18, 0, 'Meyekop757', 1, 1, 1, '32zcxf', '2024-10-01 09:44:13'),
(19, 0, 'Meyekop757', 1, 1, 1, '32zcxf', '2024-10-01 09:46:22'),
(20, 0, 'Meyekop757', 1, 1, 1, '32zcxf', '2024-10-01 09:48:51'),
(21, 0, 'Randomm', 1, 1, 1, 'sdfscx ', '2024-10-01 09:50:20'),
(22, 0, 'Nezuko', 1, 1, 1, 'sdfw', '2024-10-01 09:55:06'),
(23, 0, 'Nezuko', 1, 1, 1, 'sdfw', '2024-10-01 09:58:44'),
(24, 0, 'Nezuko', 1, 1, 1, 'sdfw', '2024-10-01 09:58:50'),
(25, 0, 'Meyokop', 2, 2, 1, 'sdaf', '2024-10-01 09:59:30'),
(26, 4, 'Nezuko', 2, 2, 1, 'sadfasdfawhgfsdgdrt', '2024-10-01 13:44:11'),
(27, 5, 'Nezuko', 1, 1, 1, 'sdfasdvczxc vzdfvvzsdf', '2024-10-01 13:46:51'),
(28, 1, 'How To Take Measurements', 2, 2, 7, 'accurate measurement will make dress fit perfectly', '2024-10-14 16:04:20'),
(29, 2, 'Learning Needle And Thread', 2, 2, 5, 'sewing', '2024-10-14 15:58:40'),
(30, 3, 'Cutting Dress', 2, 2, 5, 'Cutting smoothly ', '2024-10-05 19:27:23'),
(31, 16, 'Layouts For Dressmaking', 2, 2, 5, 'designing perfect fit', '2024-10-05 19:37:33'),
(37, 9, 'Introduction', 2, 2, 5, 'getting started with digital maketing', '2024-10-06 15:23:44'),
(38, 10, 'Search Engine Optimization (seo)', 2, 2, 5, ' (SEO)', '2024-10-06 15:30:14'),
(39, 11, 'Social Media Marketing', 2, 2, 5, '5 questions about Social Media Marketing', '2024-10-10 19:23:53'),
(40, 530, 'Elna Hayes', 2, 2, 20, 'Nisi voluptates expedita reprehenderit architecto minus odio error.', '2024-10-18 18:21:53');

-- --------------------------------------------------------

--
-- Table structure for table `register`
--

CREATE TABLE `register` (
  `id` int NOT NULL,
  `email` varchar(255) COLLATE utf8mb4_unicode_ci NOT NULL,
  `username` varchar(255) COLLATE utf8mb4_unicode_ci NOT NULL,
  `password` varchar(255) COLLATE utf8mb4_unicode_ci NOT NULL,
  `is_verified` tinyint(1) NOT NULL DEFAULT '0',
  `otp` varchar(6) COLLATE utf8mb4_unicode_ci DEFAULT NULL,
  `otp_expiry` datetime DEFAULT NULL,
  `reset_token` varchar(255) COLLATE utf8mb4_unicode_ci DEFAULT NULL,
  `reset_token_expiry` datetime DEFAULT NULL
) ENGINE=InnoDB DEFAULT CHARSET=utf8mb4 COLLATE=utf8mb4_unicode_ci;

--
-- Dumping data for table `register`
--

INSERT INTO `register` (`id`, `email`, `username`, `password`, `is_verified`, `otp`, `otp_expiry`, `reset_token`, `reset_token_expiry`) VALUES
(43, 'mercadomarklawrence55@gmail.com', 'Mark55', '$2y$10$hOzr8CnHcqsbz8AUmYa62eSxITdZTZWZW26jnhFremy1KfApEbtY2', 1, '755668', '2024-10-10 12:19:31', NULL, NULL),
(44, 'ict1mercado.cdlb@gmail.com', 'Ict1', '$2y$10$dw2KZgMQI0DhNNh5iMPyveUa1y4I2itlra5GB56qW2gdoCE4JxZ.i', 1, '351097', '2024-10-10 12:23:51', NULL, NULL),
(45, 'marklawrencemercado8@gmail.com', 'Batbat', '$2y$10$.V.hAcf04TXC9RjQ4m8wQepu3c.B3SyapjnECl0tjOV8w89s4G32G', 1, '440801', '2024-10-10 12:26:17', NULL, NULL),
(46, 'batbattmercado@gmail.com', 'Rhave', '$2y$10$HvsxRxY4xJu1vSqIVb8SGu0/iqW89pjBDcK0.SfsionuWD1QnN7YO', 1, '178237', '2024-10-10 12:29:16', NULL, NULL),
(47, 'julietamercado165@gmail.com', 'Tryaccount1', '$2y$10$ed7d5JN5szzQtz4mn48z5.XxqddUVZNTyNzH70zMzS38zsbVoznom', 1, '510476', '2024-10-18 13:12:19', NULL, NULL);

-- --------------------------------------------------------

--
-- Table structure for table `survey_form`
--

CREATE TABLE `survey_form` (
  `id` int NOT NULL,
  `question` varchar(200) COLLATE utf8mb4_general_ci DEFAULT NULL,
  `category` varchar(255) COLLATE utf8mb4_general_ci NOT NULL
) ENGINE=InnoDB DEFAULT CHARSET=utf8mb4 COLLATE=utf8mb4_general_ci;

--
-- Dumping data for table `survey_form`
--

INSERT INTO `survey_form` (`id`, `question`, `category`) VALUES
(5, 'I am having difficulty communicating with citizens and other foreigners.', 'Communication'),
(6, 'I greet and show interest when meeting.', 'Communication'),
(7, 'I use body language and gestures as a way of better communication.', 'Communication'),
(8, 'I use simple words to make others understand me.', 'Communication'),
(9, 'I clarify when I did not totally understand the instructions or what is being said to me.', 'Communication'),
(10, 'I am able to send money to my family.', 'Finances'),
(11, 'I save money monthly from my salary.', 'Finances'),
(12, 'I invest in properties, stocks, insurance, and other investments.', 'Finances'),
(13, 'I am able to contribute to PhilHealth, SSS, and others.', 'Finances'),
(14, 'I have part-time jobs and overtime works as another source of income.', 'Finances'),
(15, 'I feel that my employer is concerned about my status as a foreign worker from the Philippines.', 'Life and Work Environment'),
(16, 'I am having problems with my co-workers.', 'Life and Work Environment'),
(17, 'I feel quitting my job and go back to the Philippines.', 'Life and Work Environment'),
(18, 'I maintain a good relationship with my fellowmen.', 'Life and Work Environment'),
(19, 'I still enjoy leisure time and recreation despite busy work and schedule.', 'Life and Work Environment');

-- --------------------------------------------------------

--
-- Table structure for table `survey_reponse`
--

CREATE TABLE `survey_reponse` (
  `id` int NOT NULL,
  `user_id` int DEFAULT NULL,
  `survey_id` int DEFAULT NULL,
  `reponse` varchar(100) COLLATE utf8mb4_general_ci DEFAULT NULL
) ENGINE=InnoDB DEFAULT CHARSET=utf8mb4 COLLATE=utf8mb4_general_ci;

-- --------------------------------------------------------

--
-- Table structure for table `training`
--

CREATE TABLE `training` (
  `id` int NOT NULL,
  `user_id` int NOT NULL,
  `training` varchar(255) NOT NULL,
  `start_date` date NOT NULL,
  `end_date` date NOT NULL,
  `institution` varchar(255) NOT NULL,
  `certificate_path` varchar(255) DEFAULT NULL
) ENGINE=InnoDB DEFAULT CHARSET=utf8mb4 COLLATE=utf8mb4_0900_ai_ci;

--
-- Dumping data for table `training`
--

INSERT INTO `training` (`id`, `user_id`, `training`, `start_date`, `end_date`, `institution`, `certificate_path`) VALUES
(14, 43, 'Appcon', '2023-10-10', '2024-06-30', 'OTIS JAPAN INC.', 'training_files/APPCONN.pdf'),
(21, 43, 'TopCIT', '2024-04-23', '2024-07-01', 'TOPCIT', 'training_files/TOPCIT.pdf'),
(22, 47, 'Nostrum expedita corporis exercitationem at ab similique.', '2024-10-03', '2023-11-09', 'Dolore quaerat a.', ''),
(23, 47, 'Iste cupiditate soluta magnam quisquam.', '2025-05-08', '2024-06-28', 'Rem magnam voluptates quas.', '');

-- --------------------------------------------------------

--
-- Table structure for table `user_answers`
--

CREATE TABLE `user_answers` (
  `id` int NOT NULL,
  `user_id` int DEFAULT NULL,
  `question_id` int DEFAULT NULL,
  `quiz_id` int DEFAULT NULL,
  `answer` char(1) COLLATE utf8mb4_unicode_ci DEFAULT NULL
) ENGINE=InnoDB DEFAULT CHARSET=utf8mb4 COLLATE=utf8mb4_unicode_ci;

--
-- Dumping data for table `user_answers`
--

INSERT INTO `user_answers` (`id`, `user_id`, `question_id`, `quiz_id`, `answer`) VALUES
(438, 14, 120, 14, ''),
(439, 14, 121, 14, 'a'),
(440, 14, 122, 14, 'a'),
(441, 14, 123, 14, 'a'),
(442, 14, 124, 14, ''),
(443, 14, 125, 14, ''),
(444, 14, 126, 14, 'a'),
(445, 14, 127, 14, ''),
(446, 14, 128, 14, 'a'),
(447, 14, 129, 14, 'a'),
(448, 14, 130, 14, ''),
(449, 14, 131, 14, 'a'),
(450, 14, 132, 14, ''),
(451, 14, 133, 14, ''),
(452, 14, 134, 14, 'a'),
(453, 14, 50, 10, 'a'),
(454, 14, 51, 10, 'c'),
(455, 14, 52, 10, 'c'),
(456, 14, 53, 10, 'a'),
(457, 14, 54, 10, 'd'),
(458, 14, 8, 5, 'b'),
(459, 14, 9, 5, 'c'),
(470, 14, 10, 6, 'c'),
(471, 14, 11, 6, 'c'),
(472, 14, 12, 6, 'a'),
(473, 14, 13, 6, 'b'),
(474, 14, 14, 6, 'b'),
(475, 14, 15, 6, 'b'),
(476, 14, 16, 6, 'b'),
(477, 14, 17, 6, 'b'),
(478, 14, 18, 6, 'b'),
(479, 14, 19, 6, 'c'),
(480, 28, 55, 11, 'a'),
(481, 28, 56, 11, 'a'),
(482, 28, 57, 11, 'b'),
(483, 28, 58, 11, 'a'),
(484, 28, 59, 11, 'a'),
(495, 28, 157, 30, 'a'),
(496, 28, 158, 30, 'a'),
(497, 28, 159, 30, 'b'),
(498, 28, 160, 30, 'b'),
(499, 28, 161, 30, 'a'),
(515, 28, 162, 31, 'b'),
(516, 28, 163, 31, 'b'),
(517, 28, 164, 31, 'c'),
(518, 28, 165, 31, 'b'),
(519, 28, 166, 31, 'a'),
(525, 28, 147, 28, 'b'),
(526, 28, 148, 28, 'a'),
(527, 28, 149, 28, 'b'),
(528, 28, 150, 28, 'a'),
(529, 28, 151, 28, 'a'),
(535, 27, 147, 28, 'b'),
(536, 27, 148, 28, 'a'),
(537, 27, 149, 28, 'b'),
(538, 27, 150, 28, 'a'),
(539, 27, 151, 28, 'a'),
(545, 28, 152, 29, 'c'),
(546, 28, 153, 29, 'b'),
(547, 28, 154, 29, 'b'),
(548, 28, 155, 29, 'a'),
(549, 28, 156, 29, 'b'),
(565, 27, 152, 29, 'c'),
(566, 27, 153, 29, 'b'),
(567, 27, 154, 29, 'c'),
(568, 27, 155, 29, 'b'),
(569, 27, 156, 29, 'a'),
(570, 27, 157, 30, 'b'),
(571, 27, 158, 30, 'b'),
(572, 27, 159, 30, 'b'),
(573, 27, 160, 30, 'a'),
(574, 27, 161, 30, 'b'),
(580, 27, 162, 31, 'b'),
(581, 27, 163, 31, 'b'),
(582, 27, 164, 31, 'c'),
(583, 27, 165, 31, 'b'),
(584, 27, 166, 31, 'b'),
(585, 27, 172, 37, 'b'),
(586, 27, 173, 37, 'b'),
(587, 27, 174, 37, 'b'),
(588, 27, 175, 37, 'b'),
(589, 27, 176, 37, 'b'),
(590, 27, 177, 38, 'a'),
(591, 27, 178, 38, 'c'),
(592, 27, 179, 38, 'b'),
(593, 27, 180, 38, 'b'),
(594, 27, 181, 38, 'b'),
(595, 27, 182, 38, 'b'),
(596, 27, 183, 38, 'c'),
(597, 45, 172, 37, 'b'),
(598, 45, 173, 37, 'b'),
(599, 45, 174, 37, 'b'),
(600, 45, 175, 37, 'b'),
(601, 45, 176, 37, 'b'),
(602, 45, 177, 38, 'b'),
(603, 45, 178, 38, 'b'),
(604, 45, 179, 38, 'b'),
(605, 45, 180, 38, 'b'),
(606, 45, 181, 38, 'a'),
(607, 45, 182, 38, 'a'),
(608, 45, 183, 38, 'c'),
(609, 45, 184, 39, 'b'),
(610, 45, 185, 39, 'b'),
(611, 45, 186, 39, 'b'),
(612, 45, 187, 39, 'b'),
(613, 45, 188, 39, 'b'),
(614, 43, 172, 37, 'b'),
(615, 43, 173, 37, 'b'),
(616, 43, 174, 37, 'b'),
(617, 43, 175, 37, 'b'),
(618, 43, 176, 37, 'b'),
(619, 43, 177, 38, 'b'),
(620, 43, 178, 38, 'b'),
(621, 43, 179, 38, 'b'),
(622, 43, 180, 38, 'b'),
(623, 43, 181, 38, 'a'),
(624, 43, 182, 38, 'a'),
(625, 43, 183, 38, 'a'),
(626, 43, 184, 39, 'b'),
(627, 43, 185, 39, 'b'),
(628, 43, 186, 39, 'b'),
(629, 43, 187, 39, 'b'),
(630, 43, 188, 39, 'b'),
(656, 43, 147, 28, 'd'),
(657, 43, 148, 28, 'c'),
(658, 43, 149, 28, 'b'),
(659, 43, 150, 28, 'b'),
(660, 43, 151, 28, 'b');

-- --------------------------------------------------------

--
-- Table structure for table `user_score`
--

CREATE TABLE `user_score` (
  `id` int NOT NULL,
  `user_id` int DEFAULT NULL,
  `quiz_id` int DEFAULT NULL,
  `score` int DEFAULT NULL,
  `correct_answers` int DEFAULT NULL,
  `wrong_answers` int DEFAULT NULL,
  `dates` timestamp NULL DEFAULT NULL
) ENGINE=InnoDB DEFAULT CHARSET=utf8mb4 COLLATE=utf8mb4_unicode_ci;

--
-- Dumping data for table `user_score`
--

INSERT INTO `user_score` (`id`, `user_id`, `quiz_id`, `score`, `correct_answers`, `wrong_answers`, `dates`) VALUES
(69, 45, 37, 5, 5, 0, '2024-10-09 16:00:00'),
(70, 45, 38, 6, 6, 1, '2024-10-09 16:00:00'),
(71, 45, 39, 5, 5, 0, '2024-10-09 16:00:00'),
(72, 43, 37, 5, 5, 0, '2024-10-10 16:00:00'),
(73, 43, 38, 5, 5, 2, '2024-10-10 16:00:00'),
(74, 43, 39, 5, 5, 0, '2024-10-10 16:00:00'),
(80, 43, 28, 1, 1, 4, '2024-10-17 16:00:00');

-- --------------------------------------------------------

--
-- Table structure for table `work_exp`
--

CREATE TABLE `work_exp` (
  `id` int NOT NULL,
  `user_id` int NOT NULL,
  `company_name` varchar(255) NOT NULL,
  `address` varchar(255) NOT NULL,
  `position` varchar(255) NOT NULL,
  `started_date` date NOT NULL,
  `termination_date` date NOT NULL,
  `status` varchar(255) NOT NULL
) ENGINE=InnoDB DEFAULT CHARSET=utf8mb4 COLLATE=utf8mb4_0900_ai_ci;

--
-- Dumping data for table `work_exp`
--

INSERT INTO `work_exp` (`id`, `user_id`, `company_name`, `address`, `position`, `started_date`, `termination_date`, `status`) VALUES
(10, 43, 'Pfeffer - Langosh', '1002 Murazik Centers', 'Porro voluptate inventore fugiat ipsa.', '2023-10-10', '2024-06-30', 'resigned'),
(11, 43, 'Douglas and Sons', '6707 Heller Run', 'Voluptatem facilis dolore quis.', '2023-10-10', '2024-06-30', 'Termminated'),
(12, 47, 'Bartell, Braun and Hessel', '36375 Murray Corner', 'Et repellendus totam vel.', '2024-10-03', '2023-11-09', 'Wisconsin'),
(13, 47, 'Wolf, Auer and Sporer', '13568 Magdalena Spur', 'Reprehenderit fugiat inventore consectetur nostrum saepe asperiores repellat eos.', '2025-05-08', '2024-06-28', 'Colorado');

--
-- Indexes for dumped tables
--

--
-- Indexes for table `admin_profile`
--
ALTER TABLE `admin_profile`
  ADD PRIMARY KEY (`id`);

--
-- Indexes for table `applicant_profile`
--
ALTER TABLE `applicant_profile`
  ADD PRIMARY KEY (`id`);

--
-- Indexes for table `applications`
--
ALTER TABLE `applications`
  ADD PRIMARY KEY (`id`),
  ADD KEY `applicant_id` (`applicant_id`),
  ADD KEY `job_posting_id` (`job_posting_id`);

--
-- Indexes for table `cases`
--
ALTER TABLE `cases`
  ADD PRIMARY KEY (`id`);

--
-- Indexes for table `chat_messages`
--
ALTER TABLE `chat_messages`
  ADD PRIMARY KEY (`id`);

--
-- Indexes for table `contact_us`
--
ALTER TABLE `contact_us`
  ADD PRIMARY KEY (`id`);

--
-- Indexes for table `courses`
--
ALTER TABLE `courses`
  ADD PRIMARY KEY (`id`);

--
-- Indexes for table `employer_documents`
--
ALTER TABLE `employer_documents`
  ADD PRIMARY KEY (`id`),
  ADD KEY `employer_doc_id` (`user_id`);

--
-- Indexes for table `employer_profile`
--
ALTER TABLE `employer_profile`
  ADD PRIMARY KEY (`id`),
  ADD KEY `employerid` (`user_id`);

--
-- Indexes for table `empyers`
--
ALTER TABLE `empyers`
  ADD PRIMARY KEY (`id`);

--
-- Indexes for table `interview`
--
ALTER TABLE `interview`
  ADD PRIMARY KEY (`id`);

--
-- Indexes for table `job_postings`
--
ALTER TABLE `job_postings`
  ADD PRIMARY KEY (`j_id`),
  ADD KEY `employer_job_id` (`employer_id`);

--
-- Indexes for table `language_proficiency`
--
ALTER TABLE `language_proficiency`
  ADD PRIMARY KEY (`id`);

--
-- Indexes for table `license`
--
ALTER TABLE `license`
  ADD PRIMARY KEY (`id`);

--
-- Indexes for table `modules`
--
ALTER TABLE `modules`
  ADD PRIMARY KEY (`id`);

--
-- Indexes for table `modules_taken`
--
ALTER TABLE `modules_taken`
  ADD PRIMARY KEY (`id`) USING BTREE;

--
-- Indexes for table `module_content`
--
ALTER TABLE `module_content`
  ADD PRIMARY KEY (`id`);

--
-- Indexes for table `question`
--
ALTER TABLE `question`
  ADD PRIMARY KEY (`id`);

--
-- Indexes for table `quiz_name`
--
ALTER TABLE `quiz_name`
  ADD PRIMARY KEY (`id`);

--
-- Indexes for table `register`
--
ALTER TABLE `register`
  ADD PRIMARY KEY (`id`);

--
-- Indexes for table `survey_form`
--
ALTER TABLE `survey_form`
  ADD PRIMARY KEY (`id`);

--
-- Indexes for table `survey_reponse`
--
ALTER TABLE `survey_reponse`
  ADD PRIMARY KEY (`id`);

--
-- Indexes for table `training`
--
ALTER TABLE `training`
  ADD PRIMARY KEY (`id`);

--
-- Indexes for table `user_answers`
--
ALTER TABLE `user_answers`
  ADD PRIMARY KEY (`id`);

--
-- Indexes for table `user_score`
--
ALTER TABLE `user_score`
  ADD PRIMARY KEY (`id`);

--
-- Indexes for table `work_exp`
--
ALTER TABLE `work_exp`
  ADD PRIMARY KEY (`id`);

--
-- AUTO_INCREMENT for dumped tables
--

--
-- AUTO_INCREMENT for table `admin_profile`
--
ALTER TABLE `admin_profile`
  MODIFY `id` int NOT NULL AUTO_INCREMENT, AUTO_INCREMENT=12;

--
-- AUTO_INCREMENT for table `applicant_profile`
--
ALTER TABLE `applicant_profile`
  MODIFY `id` int NOT NULL AUTO_INCREMENT, AUTO_INCREMENT=31;

--
-- AUTO_INCREMENT for table `applications`
--
ALTER TABLE `applications`
  MODIFY `id` int NOT NULL AUTO_INCREMENT, AUTO_INCREMENT=123;

--
-- AUTO_INCREMENT for table `cases`
--
ALTER TABLE `cases`
  MODIFY `id` int NOT NULL AUTO_INCREMENT, AUTO_INCREMENT=20;

--
-- AUTO_INCREMENT for table `chat_messages`
--
ALTER TABLE `chat_messages`
  MODIFY `id` int NOT NULL AUTO_INCREMENT, AUTO_INCREMENT=11;

--
-- AUTO_INCREMENT for table `contact_us`
--
ALTER TABLE `contact_us`
  MODIFY `id` int NOT NULL AUTO_INCREMENT, AUTO_INCREMENT=7;

--
-- AUTO_INCREMENT for table `courses`
--
ALTER TABLE `courses`
  MODIFY `id` int NOT NULL AUTO_INCREMENT, AUTO_INCREMENT=35;

--
-- AUTO_INCREMENT for table `employer_documents`
--
ALTER TABLE `employer_documents`
  MODIFY `id` int NOT NULL AUTO_INCREMENT, AUTO_INCREMENT=15;

--
-- AUTO_INCREMENT for table `employer_profile`
--
ALTER TABLE `employer_profile`
  MODIFY `id` int NOT NULL AUTO_INCREMENT, AUTO_INCREMENT=12;

--
-- AUTO_INCREMENT for table `empyers`
--
ALTER TABLE `empyers`
  MODIFY `id` int NOT NULL AUTO_INCREMENT, AUTO_INCREMENT=12;

--
-- AUTO_INCREMENT for table `interview`
--
ALTER TABLE `interview`
  MODIFY `id` int NOT NULL AUTO_INCREMENT, AUTO_INCREMENT=27;

--
-- AUTO_INCREMENT for table `job_postings`
--
ALTER TABLE `job_postings`
  MODIFY `j_id` int NOT NULL AUTO_INCREMENT, AUTO_INCREMENT=41;

--
-- AUTO_INCREMENT for table `language_proficiency`
--
ALTER TABLE `language_proficiency`
  MODIFY `id` int NOT NULL AUTO_INCREMENT, AUTO_INCREMENT=150;

--
-- AUTO_INCREMENT for table `license`
--
ALTER TABLE `license`
  MODIFY `id` int UNSIGNED NOT NULL AUTO_INCREMENT, AUTO_INCREMENT=22;

--
-- AUTO_INCREMENT for table `modules`
--
ALTER TABLE `modules`
  MODIFY `id` int NOT NULL AUTO_INCREMENT, AUTO_INCREMENT=4591;

--
-- AUTO_INCREMENT for table `modules_taken`
--
ALTER TABLE `modules_taken`
  MODIFY `id` int NOT NULL AUTO_INCREMENT, AUTO_INCREMENT=21;

--
-- AUTO_INCREMENT for table `module_content`
--
ALTER TABLE `module_content`
  MODIFY `id` int NOT NULL AUTO_INCREMENT, AUTO_INCREMENT=19;

--
-- AUTO_INCREMENT for table `question`
--
ALTER TABLE `question`
  MODIFY `id` int NOT NULL AUTO_INCREMENT, AUTO_INCREMENT=211;

--
-- AUTO_INCREMENT for table `quiz_name`
--
ALTER TABLE `quiz_name`
  MODIFY `id` int NOT NULL AUTO_INCREMENT, AUTO_INCREMENT=42;

--
-- AUTO_INCREMENT for table `register`
--
ALTER TABLE `register`
  MODIFY `id` int NOT NULL AUTO_INCREMENT, AUTO_INCREMENT=48;

--
-- AUTO_INCREMENT for table `survey_form`
--
ALTER TABLE `survey_form`
  MODIFY `id` int NOT NULL AUTO_INCREMENT, AUTO_INCREMENT=20;

--
-- AUTO_INCREMENT for table `survey_reponse`
--
ALTER TABLE `survey_reponse`
  MODIFY `id` int NOT NULL AUTO_INCREMENT, AUTO_INCREMENT=20;

--
-- AUTO_INCREMENT for table `training`
--
ALTER TABLE `training`
  MODIFY `id` int NOT NULL AUTO_INCREMENT, AUTO_INCREMENT=24;

--
-- AUTO_INCREMENT for table `user_answers`
--
ALTER TABLE `user_answers`
  MODIFY `id` int NOT NULL AUTO_INCREMENT, AUTO_INCREMENT=661;

--
-- AUTO_INCREMENT for table `user_score`
--
ALTER TABLE `user_score`
  MODIFY `id` int NOT NULL AUTO_INCREMENT, AUTO_INCREMENT=81;

--
-- AUTO_INCREMENT for table `work_exp`
--
ALTER TABLE `work_exp`
  MODIFY `id` int NOT NULL AUTO_INCREMENT, AUTO_INCREMENT=14;
COMMIT;

/*!40101 SET CHARACTER_SET_CLIENT=@OLD_CHARACTER_SET_CLIENT */;
/*!40101 SET CHARACTER_SET_RESULTS=@OLD_CHARACTER_SET_RESULTS */;
/*!40101 SET COLLATION_CONNECTION=@OLD_COLLATION_CONNECTION */;
